小区名称,均价,在售套数,所在区,所在街道
"
西湖八号公馆
",122515,0,上城,清波
"
南都花园别墅
",119951,1,西湖,文一西路
"
广宇吴山鸣翠苑
",119925,0,上城,清波
"
嘉禾苑
",119791,0,上城,清波
"
蔡官巷公寓
",119254,2,上城,清波
"
闻潮一品公寓
",118707,0,上城,南星
"
丹金桂花园
",118245,0,西湖,文三西路
"
凤起潮鸣府
",117990,9,拱墅,潮鸣
"
西子公寓
",116278,2,拱墅,武林
"
小河东河下
",116185,2,拱墅,桥西
"
上品华庭
",116022,14,上城,南星
"
武林壹号
",114726,4,拱墅,湖墅
"
观湖里
",114647,10,萧山,闻堰
"
绿城九龙仓柳岸晓风
",114055,4,滨江,长河
"
小河东河下58号
",113910,2,拱墅,桥西
"
滨江钱塘印象
",112811,9,上城,南星
"
保亿绿城奥邸国际
",110719,68,萧山,奥体
"
东方润园
",110596,10,上城,钱江新城
"
钱江候潮府
",110008,12,上城,南星
"
马塍路19号
",109567,1,西湖,文三
"
滨江保利翡翠海岸
",109246,33,上城,近江
"
海潮望月城
",108995,10,上城,四季青
"
润和山庄
",108808,1,西湖,之江
"
云桂花园
",108374,0,西湖,文三西路
"
仁滨公寓
",107708,0,上城,南星
"
凤起钱潮
",107631,14,上城,景芳
"
臻奥院
",106360,148,滨江,奥体
"
湘湖壹号
",105567,2,萧山,闻堰
"
金色海岸
",105412,8,上城,南星
"
绿城蓝色钱江
",104777,34,上城,南星
"
绿城西溪云庐
",104429,17,西湖,西溪
"
麒麟山庄
",103580,3,临安,临安
"
融创滨江御潮府
",102930,13,上城,望江
"
万科大都会79号
",102888,13,上城,钱江新城
"
中海钱江湾
",102879,14,上城,钱江新城
"
德信大家运河云庄南区
",102650,4,余杭,万达广场
"
西湖花苑
",102563,2,拱墅,武林
"
小河直街15号
",102372,1,拱墅,和睦
"
郡西别墅
",102012,5,余杭,良渚
"
中海黄龙云起
",101934,9,西湖,翠苑
"
滨江金茂府
",101717,66,滨江,滨江区政府
"
银杏汇
",101551,26,滨江,彩虹城
"
长生路48号
",100592,2,上城,湖滨
"
滨江金地御品
",99708,21,上城,望江
"
曙光路101号
",99436,0,西湖,黄龙
"
世纪西溪
",97935,0,西湖,文三西路
"
江明月朗园
",97584,192,上城,四季青
"
林语别墅
",97475,4,西湖,文一西路
"
晓风印月公寓
",97016,44,滨江,滨江区政府
"
柳浪东苑
",96782,10,上城,清波
"
金隅学府
",96080,30,上城,南星
"
新绿园
",95586,36,上城,南星
"
蕲王路11号
",94136,1,上城,湖滨
"
武林外滩
",93346,11,拱墅,朝晖
"
钱江御府
",93018,30,上城,南星
"
索菲特世外桃源
",92971,2,萧山,闻堰
"
望江府
",92751,35,上城,南星
"
滨江西溪明珠
",92715,11,西湖,西溪
"
钱江水晶澜轩
",92211,18,滨江,彩虹城
"
元华公寓
",92105,1,上城,湖滨
"
时代滨江丹枫四季
",92059,10,滨江,滨江区政府
"
融信远洋厘望轩
",91807,13,拱墅,信义坊
"
滨江华家池
",91590,36,上城,华家池
"
西湖定安名都
",91470,10,上城,清波
"
如意里
",90748,1,拱墅,桥西
"
万象城悦府
",90659,44,上城,钱江新城
"
水岸枫庭
",90483,18,上城,南星
"
滨江锦绣之城
",90430,38,拱墅,和睦
"
澄之华庭南区
",90255,38,萧山,钱江世纪城
"
首开杭州金茂府
",90125,52,拱墅,和睦
"
绿城留香园
",89888,73,上城,钱江新城
"
滨江城市之星
",88078,41,上城,钱江新城
"
高士坊巷
",87617,0,上城,鼓楼
"
清波苑
",87395,2,上城,清波
"
绿城桃源小镇观翠苑
",87046,10,余杭,小和山
"
观翠揽月轩
",87044,54,上城,七堡
"
平海路小区
",86539,1,上城,湖滨
"
溪上玫瑰园
",86387,16,余杭,翡翠城
"
洽丰里
",85600,1,上城,湖滨
"
敬胜里
",85437,3,拱墅,桥西
"
雅戈尔御西湖
",85220,38,西湖,文教
"
文二路37号
",84716,1,西湖,学军
"
德信九溪云庄
",84628,19,西湖,之江
"
西溪诚园明礼苑
",83993,8,西湖,西溪
"
融创宜和园
",83911,14,拱墅,申花
"
湖印宸山庄
",83566,17,临平,星桥
"
融信公馆arc
",83560,16,拱墅,和睦
"
同和里
",83236,2,拱墅,桥西
"
九龙仓君玺
",83228,20,拱墅,和平
"
金地自在城十方别墅
",83203,6,西湖,三墩
"
融创涌清府
",82569,17,上城,景芳
"
富越香墅
",82423,8,西湖,文一西路
"
绿城建发沁园
",82402,38,西湖,申花
"
阳明谷
",82336,7,西湖,之江
"
通惠花园
",82280,3,萧山,萧山新城区
"
滨江凯旋门
",82102,37,上城,采荷
"
赞成林风和风苑
",81983,18,上城,南星
"
杭房建发养云静舍
",81760,13,拱墅,申花
"
三衙前
",81549,4,上城,清波
"
宝石二路6号
",81179,1,西湖,黄龙
"
绿城兰园
",81069,50,拱墅,建国北路
"
远洋公馆绿园
",80761,21,拱墅,拱宸桥
"
马塍路15号
",80760,2,西湖,文三
"
小河直街
",80699,1,拱墅,和睦
"
遂安路
",80436,2,拱墅,武林
"
绿园
",80431,9,西湖,黄龙
"
万科古翠隐秀
",80355,35,拱墅,和睦
"
书香印翠
",80141,16,西湖,文教
"
文三路54号
",80052,0,西湖,学军
"
滨江观品
",79846,28,萧山,奥体
"
栖江揽月轩
",79812,61,上城,七堡
"
西溪诚园正信苑
",79710,16,西湖,西溪
"
五柳巷
",79546,0,上城,城站
"
西溪玫瑰
",79485,29,余杭,西溪
"
创世邸
",79241,115,萧山,钱江世纪城
"
长生路30号
",79190,2,上城,湖滨
"
德信臻园
",78698,18,拱墅,桥西
"
华润亚奥城南区
",78618,38,萧山,钱江世纪城
"
仁寿山
",78594,4,西湖,黄龙
"
滨江嘉品
",78490,48,萧山,钱江世纪城
"
东方苑
",78466,3,西湖,之江
"
南山路小区
",78271,3,上城,清波
"
珹上润府
",78205,21,拱墅,和睦
"
江晖府
",78025,38,滨江,长河
"
新华园
",77977,24,拱墅,湖墅
"
绿地华家池印
",77935,61,上城,华家池
"
新湖武林国际公寓
",77899,14,拱墅,体育场路
"
赞成林风映水苑
",77878,13,上城,南星
"
求智巷
",77842,20,西湖,学军
"
吴山人家
",77799,6,上城,清波
"
盛景琥林名邸
",77769,22,拱墅,申花
"
文二路57号
",77508,0,西湖,学军
"
华元和庄
",77493,3,西湖,西溪
"
紫荆欣苑
",77452,3,西湖,文一西路
"
世茂之西湖
",77447,46,滨江,彩虹城
"
春江名苑
",77283,11,上城,南星
"
三元坊巷
",77199,1,上城,湖滨
"
世贸丽晶城
",77163,52,西湖,九莲
"
东方御府
",77013,36,上城,景芳
"
融创金成杭源里
",76992,26,拱墅,大关
"
涌金花园
",76932,2,上城,清波
"
天珏华庭
",76926,21,拱墅,申花
"
澄之华庭北区
",76809,60,萧山,钱江世纪城
"
四条巷
",76770,8,上城,清波
"
融创华奥时代奥城
",76712,91,萧山,钱江世纪城
"
玉润钱潮府
",76683,81,上城,景芳
"
西溪诚园知敬苑
",76665,20,西湖,西溪
"
远洋大河宸章
",76504,34,拱墅,桥西
"
西子铭苑
",76453,24,拱墅,武林
"
湖滨阁
",76404,3,拱墅,武林
"
景瑞瑞名邸
",76395,36,萧山,钱江世纪城
"
晓月澄庐
",76223,15,余杭,未来科技城
"
北山街99号
",76171,1,西湖,黄龙
"
天璞御园
",76044,62,萧山,钱江世纪城
"
绿城运河宸园
",75965,25,拱墅,桥西
"
赛丽绿城丽园
",75916,9,上城,鼓楼
"
古翠蓝庭
",75589,15,西湖,翠苑
"
杭州公馆
",75335,38,西湖,文教
"
滨江天澜美境
",75307,12,上城,七堡
"
金帝花园
",75286,2,西湖,三墩
"
天目山路95号
",75275,1,西湖,黄龙
"
九龙仓碧玺
",75231,78,拱墅,桥西
"
九龙仓华发荟品天语城
",75210,30,拱墅,申花
"
天尔名庭
",75208,12,拱墅,申花
"
彩虹豪庭
",75143,28,滨江,彩虹城
"
南山路154-166号
",74917,0,上城,清波
"
大华西溪风情
",74738,107,余杭,西溪
"
文二新村
",74625,39,西湖,学军
"
星洲花园白沙拂庭
",74558,5,西湖,文一西路
"
吉祥寺弄
",74445,7,拱墅,桥西
"
荷花池头
",74352,2,上城,清波
"
大家武林府
",74346,15,拱墅,朝晖
"
十里风荷
",74281,36,余杭,中泰
"
崇文公寓
",74038,33,西湖,学军
"
中海御道
",73953,87,上城,钱江新城
"
首开天青里
",73602,11,拱墅,半山
"
思鑫坊
",73586,0,上城,湖滨
"
文三路232号
",73577,2,西湖,文教
"
下宁巷
",73576,33,西湖,学军
"
里仁坊巷
",73478,1,上城,湖滨
"
康都紫轩
",73397,24,上城,南星
"
蓝爵白马尊邸
",73343,2,西湖,三墩
"
华门清水湾
",73235,5,余杭,中泰
"
万丽璞丽
",73115,3,临平,临平新城
"
五福里
",72953,1,上城,湖滨
"
泰禾杭州院子
",72926,65,余杭,西溪
"
银马公寓
",72907,16,西湖,文教
"
葛洲坝龙湖中杭府
",72795,35,西湖,西溪
"
耀江广厦
",72550,4,上城,清波
"
滨江金色家园
",72520,41,上城,南星
"
曙光公寓
",72347,15,西湖,黄龙
"
玉皇山庄
",72309,1,西湖,西湖景区
"
闻潮尚庭
",72309,36,上城,南星
"
中海望庐云起武林
",72089,17,拱墅,德胜东
"
滨融府
",72053,15,拱墅,和睦
"
湖境云庐
",72001,46,余杭,未来科技城
"
文三路105号
",71841,3,西湖,文三
"
龙湖春江郦城
",71760,49,滨江,滨江区政府
"
熙晖府
",71703,29,拱墅,德胜东
"
中大文锦苑
",71671,43,西湖,学军
"
金地大运宸府
",71632,29,拱墅,桥西
"
柳营新村
",71564,0,上城,湖滨
"
西溪诚园守纯苑
",71498,25,西湖,西溪
"
文二路25号
",71461,8,西湖,学军
"
文二路48号
",71406,2,西湖,文教
"
富力西溪悦墅
",71286,28,余杭,未来科技城
"
首开东城金茂府
",71201,28,上城,城东新城
"
茂宸金座
",71198,107,上城,华家池
"
莫干山路361号
",71038,1,西湖,文教
"
白马公寓
",70989,3,拱墅,湖墅
"
文一路82号
",70965,1,西湖,文教
"
湖畔花园龙珠苑
",70935,4,西湖,文一西路
"
龙湖唐宁ONE
",70895,10,西湖,嘉绿
"
花园西村
",70697,10,西湖,文教
"
锦绣文苑
",70669,6,西湖,文三
"
镜栖绿汀里
",70588,22,余杭,未来科技城
"
寰宇天下E区
",70547,34,滨江,滨江区政府
"
清波街
",70421,5,上城,清波
"
赞成林风沁林苑
",70415,37,上城,南星
"
新城国际和园
",70380,16,上城,钱江新城
"
麒麟山庄D区
",70376,2,临安,临安
"
阳光城滨奥悦府
",70349,33,萧山,钱江世纪城
"
皓玉府
",70344,23,上城,城东新城
"
九龙仓臻玺
",70285,8,拱墅,申花
"
华润亚奥城北区
",70198,76,萧山,钱江世纪城
"
景云村小区
",70195,6,上城,清波
"
宝石二路8号
",69862,3,西湖,黄龙
"
马塍路37号
",69827,2,西湖,学军
"
马塍路28号
",69782,4,西湖,学军
"
天阳凤起
",69743,15,上城,景芳
"
万安景月湾
",69700,11,西湖,之江
"
栖霞岭
",69657,5,西湖,黄龙
"
文三路55号
",69597,2,西湖,文三
"
世茂国贸天誉湾
",69399,88,上城,火车东站
"
松木场河西
",69275,26,西湖,黄龙
"
锦尚和品府
",69239,125,拱墅,德胜东
"
龙游路
",69062,1,拱墅,武林
"
融创河滨之城水澜轩
",69004,64,西湖,西溪
"
钱塘府
",68793,61,上城,景芳
"
宝石新村
",68780,1,西湖,黄龙
"
黄龙雅苑
",68663,43,西湖,黄龙
"
马塍路30号
",68623,2,西湖,学军
"
学院路312号
",68607,4,西湖,文教
"
广宇西城美墅
",68561,47,西湖,申花
"
海潮雅园一园
",68550,14,上城,望江
"
启真名苑
",68510,10,西湖,九莲
"
星洲花园圣陶沙韵
",68476,12,西湖,文一西路
"
文二路43号
",68373,2,西湖,学军
"
合景天銮
",68364,28,拱墅,申花
"
金基晓庐
",68322,81,上城,钱江新城
"
新城国际彩园
",68310,12,上城,钱江新城
"
盛世钱塘
",68300,75,上城,钱江新城
"
马塍路24号
",68140,2,西湖,学军
"
西溪诚园致诚苑
",67995,45,西湖,西溪
"
大家绿城金麟府
",67961,31,拱墅,拱宸桥
"
曙光路125号
",67959,2,西湖,黄龙
"
宝石一路2号
",67893,2,西湖,黄龙
"
春江花月
",67794,110,上城,南星
"
中粮大悦城
",67782,45,拱墅,和睦
"
马塍路34号
",67637,3,西湖,学军
"
南兴加儿巷
",67629,2,上城,雄镇楼
"
金祝新村
",67572,38,西湖,黄龙
"
运新花苑五区
",67397,2,上城,景芳
"
君品名邸
",67335,51,萧山,钱江世纪城
"
远洋公馆
",67325,101,拱墅,拱宸桥
"
滨江御滨府
",67323,56,滨江,滨江区政府
"
文二路27号
",67286,1,西湖,学军
"
朗诗乐府
",67246,20,拱墅,德胜东
"
文二路70号
",67218,3,西湖,文教
"
美岸栖庭
",67160,28,拱墅,三塘
"
仁和路
",67054,3,上城,湖滨
"
瑞丰格林苑
",67047,2,上城,潮鸣
"
建德路
",67009,5,拱墅,武林
"
柳浪新苑
",66998,16,上城,清波
"
庆春御府
",66955,8,上城,采荷
"
松木场社区
",66841,33,西湖,黄龙
"
文二路33号
",66683,2,西湖,学军
"
马塍路32号
",66658,19,西湖,学军
"
求智弄
",66577,22,西湖,学军
"
顺发美哉美城
",66569,126,萧山,钱江世纪城
"
寰宇天下D区
",66516,25,滨江,滨江区政府
"
岳王路19号
",66346,0,上城,湖滨
"
求是村
",66311,92,西湖,黄龙
"
昆仑公馆
",66191,17,拱墅,朝晖
"
文二路51号
",66137,3,西湖,学军
"
金瑞城市风景
",66062,16,拱墅,桥西
"
水岸帝景
",66058,15,上城,钱江新城
"
省级机关宿舍
",66017,1,西湖,黄龙
"
金祝花园
",66000,8,西湖,黄龙
"
日晖新村
",65935,16,西湖,文教
"
学院路304号
",65918,3,西湖,文教
"
国樾湾
",65883,21,拱墅,拱宸桥
"
钱江水晶城
",65870,42,滨江,彩虹城
"
滨江龙湖东潮府
",65845,19,上城,城东新城
"
府尚别墅
",65723,8,萧山,闻堰
"
湖畔花园太子苑
",65717,4,西湖,文一西路
"
长生路31号
",65685,1,上城,湖滨
"
马塍路29号
",65658,2,西湖,学军
"
郡西云台
",65545,14,余杭,良渚
"
花园南村
",65358,11,西湖,文教
"
阳光城檀映里
",65223,18,拱墅,三塘
"
文三路59号
",65206,2,西湖,文三
"
四宜路10号
",65118,0,上城,清波
"
星翠澜庭
",65090,28,萧山,钱江世纪城
"
旭辉和昌都会山
",65081,100,萧山,钱江世纪城
"
文二路19号
",65056,1,西湖,学军
"
金成花园别墅
",64919,2,西湖,文一西路
"
万科新都会1958
",64604,19,拱墅,德胜东
"
华清山庄
",64582,4,临平,临平新城
"
绿城明月江南
",64581,90,滨江,滨江区政府
"
马塍路33号
",64549,8,西湖,学军
"
铁路新村
",64539,8,西湖,黄龙
"
旭江华庭
",64350,179,滨江,奥体
"
南山路260号
",64335,1,上城,湖滨
"
日耀之城
",64316,105,萧山,钱江世纪城
"
兰庭国际
",64277,18,西湖,文教
"
传宸府
",64228,24,拱墅,拱宸桥
"
水色宜居
",64199,26,拱墅,申花
"
平海公寓
",64180,19,上城,湖滨
"
龙湖春江彼岸
",64157,132,滨江,奥体
"
保利中盛府
",64115,66,上城,景芳
"
宝石二路7号
",64058,0,西湖,黄龙
"
将军路
",64042,2,上城,湖滨
"
西溪河东
",64021,18,西湖,学军
"
中大广场
",63856,4,拱墅,天水
"
金都城市芯宇
",63840,82,西湖,文教
"
万和玺园
",63778,25,拱墅,三塘
"
耀江文鼎苑
",63723,160,西湖,申花
"
上宁新村
",63690,17,西湖,文三
"
青枫墅园二期-鹭语阁排屋
",63671,26,余杭,未来科技城
"
桃花弄
",63620,7,西湖,黄龙
"
坤和西溪里
",63566,64,西湖,西溪
"
皇朝城市花园
",63499,9,西湖,文三西路
"
融创河滨之城雨澜轩
",63449,90,西湖,西溪
"
邮电路16-38号
",63384,16,上城,湖滨
"
名城公馆
",63357,32,拱墅,桥西
"
王家弄
",63307,10,西湖,黄龙
"
友谊新村
",63298,28,西湖,黄龙
"
杭大新村
",63290,9,西湖,黄龙
"
滨江望品
",63265,16,拱墅,大关
"
绿城伍重院
",63259,5,临平,东湖
"
体育场路472号
",63075,0,西湖,黄龙
"
环城西路83号
",63039,2,西湖,黄龙
"
花园北村1212宿舍
",63025,1,西湖,文教
"
新民村2号
",63011,2,上城,清波
"
罗马公寓
",63008,6,西湖,黄龙
"
体育场路466号
",63005,1,西湖,黄龙
"
嘉南公寓吟泉居
",62989,1,西湖,文一西路
"
甬江嘉院
",62942,3,上城,望江
"
欣盛东方福邸
",62927,111,拱墅,申花
"
白云深处
",62916,43,余杭,未来科技城
"
九树公寓
",62898,1,西湖,之江
"
孝丰路35号(平)
",62857,0,拱墅,武林
"
青芝坞
",62853,4,西湖,黄龙
"
滨江紫金府
",62821,34,西湖,申花
"
天目山路28-1号
",62772,1,西湖,文三
"
清波新村
",62726,12,上城,清波
"
翡翠之星公寓
",62710,38,萧山,萧山新城区
"
珊瑚世纪雅园
",62632,42,西湖,之江
"
春月锦庐
",62618,31,拱墅,三里亭
"
文二路68号
",62595,6,西湖,文教
"
马塍路11号
",62589,18,西湖,文三
"
中企艮山府西区
",62481,16,上城,景芳
"
天阳尚景国际
",62477,30,拱墅,申花
"
碧桂园西江月
",62459,16,拱墅,申花
"
云栖蝶谷
",62417,8,西湖,之江
"
马塍路35号
",62311,3,西湖,学军
"
体育场路523号
",62261,1,西湖,黄龙
"
唐郡
",62157,1,桐庐,桐庐
"
今日嘉园
",62122,20,西湖,文教
"
绿城华润晓月映翠
",62116,47,滨江,长河
"
劳动路
",62114,14,上城,清波
"
文二路21号
",62110,9,西湖,学军
"
文二路23号
",61949,0,西湖,学军
"
浙旅德信西宸
",61917,17,拱墅,申花
"
胜利新村
",61916,32,西湖,黄龙
"
星瓒颂锦府
",61771,127,拱墅,和睦
"
丽景西苑
",61744,5,拱墅,长庆
"
曙光路
",61667,6,西湖,黄龙
"
四宜路14号
",61658,2,上城,清波
"
香格里拉别墅
",61566,49,余杭,良渚
"
比胜庙巷20号
",61552,0,上城,湖滨
"
延庆里6号
",61495,3,上城,湖滨
"
莱蒙水榭春天
",61474,53,滨江,奥体
"
小河路338号
",61459,3,拱墅,桥西
"
体育场路557号
",61439,2,西湖,黄龙
"
武林门新村
",61340,18,西湖,文三
"
杭大路28号
",61340,1,西湖,黄龙
"
混堂巷20号
",61132,4,西湖,文三
"
文二路162号
",61118,3,西湖,文教
"
桂花城紫云苑
",61110,1,西湖,文一西路
"
西城年华
",61097,71,西湖,申花
"
绿城西子锦兰公寓
",61016,23,拱墅,大关
"
南都天水苑
",60996,7,拱墅,天水
"
体育场路470号
",60963,4,拱墅,武林
"
桂花城
",60952,40,西湖,文一西路
"
莫干山路79号
",60928,10,西湖,文三
"
新民村1号
",60924,3,上城,清波
"
中豪晴园
",60908,16,西湖,文教
"
绿城桂冠东方
",60817,363,萧山,钱江世纪城
"
蕙宜村
",60768,5,上城,湖滨
"
和润园
",60753,3,西湖,文一西路
"
万科西庐一期
",60736,46,西湖,西溪
"
望澜府
",60719,17,拱墅,拱宸桥
"
富越香溪
",60676,18,西湖,西溪
"
保利天汇
",60667,72,滨江,长河
"
和家园玺园
",60658,4,西湖,西溪
"
里东山弄
",60648,26,西湖,黄龙
"
众安溪园
",60571,17,余杭,闲林
"
桃园新村
",60544,16,西湖,黄龙
"
环城西路58号
",60527,0,拱墅,武林
"
滨江御虹府
",60526,88,萧山,钱江世纪城
"
沿山河新村
",60512,9,西湖,黄龙
"
圣苑小区
",60507,31,西湖,申花
"
金鹿雅园
",60488,2,拱墅,丝绸城
"
杭大路38号
",60474,5,西湖,黄龙
"
景瑞申花壹号院
",60438,43,拱墅,申花
"
尚城墅
",60415,12,滨江,浦沿
"
保俶花园
",60403,6,西湖,文教
"
文三新村
",60372,21,西湖,文三
"
文一路78号
",60370,1,西湖,文教
"
万寿亭公寓
",60360,3,拱墅,武林
"
宋浇造巷
",60351,12,上城,湖滨
"
文三路103号
",60342,7,西湖,文三
"
梧桐公寓
",60315,20,西湖,文教
"
绿城西子紫兰公寓
",60308,10,拱墅,信义坊
"
凯德龙湾
",60305,19,拱墅,桥西
"
绿城慧园
",60226,41,拱墅,申花
"
文二路172号
",60145,1,西湖,文教
"
西溪河下78号
",60100,1,西湖,文教
"
曙光新村
",60060,60,西湖,黄龙
"
金都富春山居
",59986,52,富阳,银湖科技城
"
长生路小区
",59951,3,上城,湖滨
"
学院路212号
",59915,2,西湖,文教
"
保俶路
",59889,26,西湖,黄龙
"
耀江文欣苑
",59847,15,西湖,文教
"
武林巷38号
",59718,2,西湖,文三
"
窑背巷6号
",59652,4,西湖,文三
"
柳浪阁
",59591,13,上城,清波
"
嘉宸天誉名轩
",59531,63,萧山,萧山新城区
"
桂语听澜轩
",59512,34,萧山,萧山新城区
"
文二路166号
",59499,0,西湖,文教
"
西溪路22-97号
",59472,21,西湖,黄龙
"
体育场路468号
",59417,1,西湖,黄龙
"
武林花园
",59412,13,西湖,文三
"
玉古路139号
",59317,2,西湖,黄龙
"
丽阳苑
",59264,4,西湖,申花
"
祥生云境
",59248,20,西湖,之江
"
顺发吉祥半岛
",59215,46,拱墅,桥西
"
马塍路8号
",59211,5,西湖,文三
"
天阳尚景国际二期
",59202,17,拱墅,申花
"
马塍路2号
",59043,2,西湖,文三
"
师苑新村
",58933,23,西湖,文教
"
开化路
",58932,0,拱墅,武林
"
德信宸光里
",58926,14,上城,城东新城
"
未央村
",58915,8,拱墅,湖滨
"
文天公寓
",58873,7,西湖,文三
"
龙湖滨康天曜城
",58867,71,滨江,西兴
"
仁和里
",58834,0,上城,湖滨
"
博学玉府
",58774,8,萧山,萧山新城区
"
和乐苑
",58718,0,拱墅,武林
"
外东山弄
",58689,53,西湖,黄龙
"
曙光路三弄
",58685,5,西湖,黄龙
"
莫干山路605号
",58675,0,西湖,文教
"
上尚庭
",58660,39,拱墅,申花
"
四宜亭50号
",58574,0,上城,清波
"
文二路64号
",58527,3,西湖,文教
"
绿城九龙仓桂语江南
",58500,37,萧山,萧山新城区
"
曙光路17号
",58475,1,西湖,黄龙
"
教工路138号
",58418,6,西湖,文教
"
武林巷5-20号
",58390,8,西湖,文三
"
石灰桥新村
",58381,40,西湖,文教
"
荣安望江南
",58346,24,滨江,滨江区政府
"
汇港城
",58260,48,上城,七堡
"
九龙仓天御
",58228,7,拱墅,三塘
"
莱德绅华府
",58085,32,拱墅,申花
"
平如里
",58080,1,上城,鼓楼
"
马塍路7-1号
",58063,0,西湖,文三
"
蔚蓝公寓
",58030,29,上城,景芳
"
文一路95号
",57997,3,西湖,文教
"
瑞琪公寓
",57984,1,西湖,文教
"
保俶北路82号
",57980,7,西湖,文教
"
九龙仓珑玺
",57927,43,拱墅,申花
"
蔡官巷
",57911,0,上城,清波
"
香港兴业耦园
",57853,43,余杭,西溪
"
铂瑞悦府
",57775,65,上城,城东新城
"
运新花苑二区
",57739,8,上城,景芳
"
中企艮山府东区
",57731,74,上城,景芳
"
北辰国颂府
",57723,10,萧山,萧山市区
"
浙大新村
",57692,5,西湖,黄龙
"
教工路131号
",57661,7,西湖,文教
"
天目山路22号
",57659,3,西湖,文三
"
崔家巷
",57586,6,上城,湖滨
"
花语天境府
",57536,13,上城,城东新城
"
江韵园
",57528,3,上城,近江
"
政新花园
",57512,13,西湖,文一西路
"
阳光城拱宸府
",57496,3,拱墅,拱宸桥
"
文一路60号
",57429,1,西湖,文教
"
混堂巷13号
",57407,5,西湖,文三
"
天目山路
",57361,19,西湖,黄龙
"
向阳新村
",57343,4,上城,湖滨
"
沈塘新村
",57307,17,西湖,文三
"
中山南路227号
",57178,3,上城,鼓楼
"
绿城西溪融庄
",57093,35,余杭,西溪
"
文一路54号
",57082,7,西湖,文教
"
邮电新村
",57067,26,西湖,文三
"
伊萨卡国际城排屋
",57047,16,钱塘,沿江北
"
学院路222号
",57034,3,西湖,文教
"
由义弄
",57014,1,上城,清波
"
凤起里
",57012,1,拱墅,武林
"
凯德湖墅
",56911,46,拱墅,和睦
"
耶稣堂弄
",56851,2,拱墅,天水
"
建工新村
",56824,10,西湖,文教
"
中山中路191号
",56818,1,上城,清波
"
耀江文萃苑
",56803,38,西湖,文教
"
郡枫华庭
",56764,16,西湖,文教
"
东原印未来
",56713,73,余杭,未来科技城
"
滨江御江南
",56711,26,萧山,萧山市区
"
宝石山下二弄
",56672,2,西湖,黄龙
"
祥生云溪新语
",56650,46,西湖,之江
"
保俶北路90号
",56533,3,西湖,文教
"
云龙十一景
",56513,14,拱墅,潮鸣
"
跑马场巷
",56497,1,西湖,黄龙
"
文一路57号
",56467,3,西湖,文教
"
融信孔雀蓝轩
",56459,109,拱墅,申花
"
瑞祺大厦
",56457,14,西湖,文教
"
之江花园
",56417,11,滨江,彩虹城
"
星洲花园万黛兰居
",56412,31,西湖,文一西路
"
太平巷33-34号
",56359,5,上城,雄镇楼
"
华立江南水乡
",56316,34,余杭,翡翠城
"
新城金玺钰府
",56286,10,拱墅,申花
"
保利香槟国际
",56286,28,拱墅,申花
"
文溪鼎园
",56278,27,西湖,文一西路
"
海尚观邸
",56152,44,上城,城东新城
"
岳王路41号
",56148,4,上城,湖滨
"
文亭公寓
",56098,2,西湖,文教
"
保俶小区
",56082,2,西湖,黄龙
"
保亿湖风雅园
",56063,64,萧山,闻堰
"
环城西路50号
",56049,1,拱墅,武林
"
马塍路13号
",56008,10,西湖,文三
"
东润枫华
",55996,33,上城,景芳
"
万科中央公园
",55988,67,上城,城东新城
"
保俶北路101号
",55903,4,西湖,文教
"
海潮雅园三园
",55874,12,上城,望江
"
凯旋路36号
",55815,1,上城,四季青
"
钱江四苑东区
",55782,15,上城,钱江新城
"
武林巷28号
",55734,3,西湖,文三
"
华润绿城杭樾润府
",55708,68,拱墅,和睦
"
滨江铂金海岸
",55699,30,上城,九堡
"
佳源西溪印象
",55668,9,余杭,西溪
"
钱塘帝景
",55661,70,滨江,彩虹城
"
紫庭花园
",55594,21,拱墅,和平
"
荣安春熙上和湾
",55593,20,拱墅,三塘
"
金庆公寓
",55553,3,拱墅,长庆
"
学院路176-178号大院
",55532,0,西湖,文教
"
文一路109号
",55521,6,西湖,文教
"
滨江金色蓝庭
",55507,44,西湖,嘉绿
"
寰宇天下C区
",55499,72,滨江,滨江区政府
"
春来枫华公寓
",55485,19,拱墅,三塘
"
保俶北路45号
",55458,2,西湖,文教
"
海潮雅园二园
",55454,20,上城,望江
"
紫玉名府
",55420,5,上城,华家池
"
南肖埠御景苑
",55419,6,上城,南肖埠
"
径山园
",55396,8,余杭,未来科技城
"
马塍路20号
",55326,2,西湖,文三
"
佑圣观路44号
",55296,0,上城,城站
"
绿城七里香溪别墅园
",55286,33,富阳,银湖科技城
"
花园北村
",55280,6,西湖,文教
"
紫金西苑
",55215,2,西湖,西溪
"
万科西庐二期
",55182,25,西湖,西溪
"
教工路106号
",55153,4,西湖,文教
"
星洲花园格兰馨庐
",55124,16,西湖,文一西路
"
运新花苑一区
",55087,11,上城,景芳
"
星洲花园花柏美舍
",55019,24,西湖,文一西路
"
荣安春月杭宁府
",55005,13,拱墅,申花
"
南肖埠庆和苑
",54900,11,上城,南肖埠
"
弥陀寺路
",54881,4,西湖,黄龙
"
比胜庙巷11号
",54860,0,上城,湖滨
"
天目山路101号
",54828,4,西湖,黄龙
"
凯旋路34号
",54822,0,上城,四季青
"
中山御庭
",54803,3,上城,鼓楼
"
曙光路139号
",54800,0,西湖,黄龙
"
欣盛东方郡东区
",54728,81,滨江,滨江区政府
"
半岛国际
",54719,67,滨江,长河
"
云悦湾
",54696,113,上城,七堡
"
开元路63、65、67、69号
",54685,1,上城,湖滨
"
定安苑
",54679,22,上城,清波
"
融信孔雀蓝郡
",54647,44,拱墅,申花
"
景江城市花园
",54620,29,上城,近江
"
光复路146-186号
",54516,15,上城,湖滨
"
桃花河新村
",54444,10,拱墅,武林
"
中海钱塘山水
",54416,71,滨江,浦沿
"
银泰海威国际
",54399,35,滨江,长河
"
云翠金澜府
",54394,7,上城,七堡
"
西溪路24号
",54362,0,西湖,黄龙
"
绿城九龙仓钱塘明月
",54359,39,萧山,萧山新城区
"
高教新村
",54339,32,西湖,文一西路
"
嘉璟华庭
",54301,1,拱墅,湖墅
"
孝子坊
",54290,0,上城,清波
"
曙光路121号
",54188,2,西湖,黄龙
"
滨江金色江南公寓
",54179,54,萧山,钱江世纪城
"
嘉南公寓瀑水居
",54179,17,西湖,文一西路
"
金茂悦
",54162,58,拱墅,申花
"
麒麟街小区
",54156,2,拱墅,众安桥
"
青石桥24幢
",54135,5,西湖,黄龙
"
月塘璟宸府
",54118,55,上城,笕桥
"
金成嘉南公寓
",54115,13,西湖,文一西路
"
马塍路9号
",53985,5,西湖,文三
"
文二路62号
",53965,3,西湖,文教
"
上塘宸章
",53896,37,拱墅,运河新城
"
大兜路198号
",53854,1,拱墅,大关
"
小河路
",53841,31,拱墅,桥西
"
欣盛东方郡
",53839,76,滨江,滨江区政府
"
溪望尚庭
",53822,81,余杭,未来科技城
"
凤起路512号
",53742,1,拱墅,武林
"
水澄花园南苑
",53686,6,上城,复兴
"
西溪蝶园二期
",53630,100,西湖,西溪
"
绿城深蓝广场
",53555,13,拱墅,朝晖
"
万科天空之城
",53552,126,余杭,未来科技城
"
黄龙世纪苑
",53537,4,西湖,黄龙
"
悦风华邸
",53531,30,上城,城东新城
"
文二路170号
",53519,2,西湖,文教
"
环城西路68号
",53512,2,拱墅,武林
"
玲珑府
",53509,67,滨江,西兴
"
汀澜府
",53502,23,拱墅,申花
"
邮电路
",53495,2,上城,湖滨
"
盛世诚品
",53493,50,西湖,之江
"
文二路58号
",53491,2,西湖,文教
"
钱江七苑
",53486,20,上城,钱江新城
"
延定巷
",53464,2,上城,湖滨
"
西溪华府
",53422,102,西湖,西溪
"
河缸桥
",53416,7,西湖,文教
"
九溪民航宿舍
",53371,0,西湖,之江
"
钱江六苑
",53339,23,上城,钱江新城
"
西溪公寓
",53338,10,西湖,文教
"
钱江一苑
",53335,5,上城,钱江新城
"
水稻大厦
",53322,0,拱墅,武林
"
枝头巷7-28号
",53295,17,上城,湖滨
"
凤起桥河下
",53272,14,拱墅,武林
"
保利鹭沙郡府
",53266,22,钱塘,沿江南
"
上岛公馆
",53242,7,拱墅,德胜
"
紫桂花园
",53212,36,西湖,文一西路
"
钱江华府
",53199,61,上城,城东新城
"
冠苑小区
",53151,14,西湖,申花
"
望钱塘云庄
",53146,33,上城,九堡
"
涌金广场聚景阁
",53128,4,上城,湖滨
"
西溪名园
",53115,15,余杭,西溪
"
菩提寺路10号
",53105,2,上城,湖滨
"
钱江二苑
",53096,5,上城,钱江新城
"
文二路160号
",53050,1,西湖,文教
"
香石公寓
",53015,25,拱墅,三塘
"
宸鹭香舍
",52962,6,拱墅,三塘
"
保亭人家
",52953,19,西湖,文教
"
南北西岸
",52936,66,拱墅,桥西
"
武林巷37号
",52914,5,西湖,文三
"
越秀前滩名邸
",52897,51,上城,七堡
"
中旅归锦府
",52797,90,上城,城东新城
"
青龙苑
",52784,6,拱墅,丝绸城
"
之江路42号
",52764,0,西湖,之江
"
延龄苑
",52760,0,拱墅,武林
"
六和源
",52749,9,上城,复兴
"
中海云之宸府
",52681,14,滨江,长河
"
梵天寺路64号
",52666,1,上城,西湖景区
"
采荷人家
",52653,34,上城,采荷
"
东宝翠轩
",52636,4,上城,四季青
"
阳光地带花园
",52591,25,西湖,文一西路
"
金科博翠碧蓝湾
",52589,43,上城,七堡
"
华海园
",52561,28,西湖,文教
"
华苑公寓
",52553,41,西湖,文一西路
"
秋涛南苑
",52524,28,上城,南星
"
万科璞悦湾
",52515,71,滨江,浦沿
"
枫华府第
",52512,56,西湖,翠苑
"
世纪新城西区
",52512,33,西湖,嘉绿
"
和家园雍园
",52469,7,西湖,西溪
"
绿城桃花源
",52448,50,余杭,中泰
"
绿城杨柳郡
",52419,201,上城,七堡
"
莫干山路515号
",52415,6,西湖,文教
"
融创玖樟台
",52414,39,上城,笕桥
"
柏峰珑悦府
",52398,42,萧山,钱江世纪城
"
嘉南公寓影池居
",52382,9,西湖,文一西路
"
溪畔花园
",52379,20,西湖,文教
"
九月森林
",52327,15,西湖,留下
"
中南棠玥湾
",52314,64,上城,七堡
"
西溪蝶园一期
",52246,29,西湖,西溪
"
金都华府
",52244,41,上城,雄镇楼
"
棹月雅府
",52203,46,上城,火车东站
"
碧珑湾
",52156,37,萧山,萧山新城区
"
瑞立中央花城
",52137,79,滨江,滨江区政府
"
横广福路
",52115,3,拱墅,众安桥
"
晓霞弄
",52083,0,上城,鼓楼
"
江山弄
",52060,19,拱墅,武林
"
仙林苑
",52034,39,拱墅,众安桥
"
中山北路363号
",52026,1,拱墅,天水
"
马塍路4号
",52013,2,西湖,文三
"
环城西路42号
",51990,0,拱墅,武林
"
滨江江南之星
",51932,175,萧山,萧山新城区
"
景湖苑
",51854,9,拱墅,武林
"
劳工弄
",51848,3,拱墅,武林
"
丽景苑(下城)
",51846,9,拱墅,潮鸣
"
文二路98号
",51844,5,西湖,文教
"
信达东莱府
",51842,27,上城,城东新城
"
清江路82-3号
",51827,0,上城,四季青
"
武林巷36号
",51790,2,西湖,文三
"
新明半岛涵碧园
",51784,9,余杭,中泰
"
风昀铭苑
",51742,49,余杭,未来科技城
"
西溪河下76号
",51740,2,西湖,文教
"
春宸上府
",51687,38,上城,笕桥
"
曙光路123号
",51661,5,西湖,黄龙
"
积家
",51650,43,滨江,浦沿
"
天巢花苑
",51607,6,拱墅,武林
"
汇鑫枫景苑
",51565,1,上城,南肖埠
"
中粮方圆府
",51560,28,拱墅,三塘
"
兴财名都苑
",51559,9,西湖,文教
"
风景大院
",51540,34,拱墅,桥西
"
绿城丁香公寓
",51534,23,西湖,黄龙
"
浣纱路
",51531,18,上城,湖滨
"
体育场路178-418号
",51513,4,拱墅,武林
"
新金都城市花园
",51505,52,西湖,文一西路
"
文二路46号
",51476,3,西湖,文教
"
顺发和美家
",51461,85,萧山,钱江世纪城
"
婺江家园四园
",51399,1,上城,近江
"
定安东苑
",51346,6,上城,清波
"
文三路52-1号
",51345,4,西湖,文三
"
紫林公寓
",51334,12,西湖,文一西路
"
太和广场
",51315,14,上城,南星
"
景瑞原墅
",51294,13,余杭,未来科技城
"
恒升花苑
",51291,3,西湖,文三
"
观璟庭
",51255,49,余杭,未来科技城
"
金隅会潮悦府
",51227,59,上城,城东新城
"
世纪新城东区
",51183,82,西湖,嘉绿
"
文二路66号
",51147,0,西湖,文教
"
和家园臻园
",51133,36,西湖,西溪
"
中城汇MIDTOWN
",51130,94,拱墅,万达广场
"
云荷廷
",51117,105,西湖,之江
"
紫玉福邸
",51041,18,上城,火车东站
"
中山中路312-404号
",51035,8,上城,湖滨
"
顺发恒园
",50995,48,萧山,萧山新城区
"
青山湖玫瑰园
",50924,137,临安,临安
"
钱江三苑
",50851,28,上城,钱江新城
"
之江九里
",50843,65,西湖,之江
"
映月台
",50841,142,余杭,未来科技城
"
天阳上河
",50832,34,拱墅,桥西
"
越秀天萃名邸
",50796,27,上城,七堡
"
体育场路
",50776,0,西湖,黄龙
"
保俶北路91号
",50700,2,西湖,文教
"
佑圣观路5号
",50692,2,上城,城站
"
广厦爱丽山庄
",50692,6,临平,星桥
"
直戒坛寺巷
",50660,21,拱墅,武林
"
青年路小区
",50659,18,上城,湖滨
"
天阅云合源
",50602,31,拱墅,万达广场
"
闻博花城
",50591,76,萧山,萧山新城区
"
九溪玫瑰园
",50583,1,西湖,之江
"
宁东拥潮府
",50578,54,萧山,萧山新城区
"
星洲花园红树林
",50548,22,西湖,文一西路
"
文三路57号
",50520,3,西湖,文三
"
绿城交投汀岸晓庐
",50513,32,余杭,未来科技城
"
得力名门世家
",50496,34,萧山,南部卧城
"
浦翠景庭
",50483,1,滨江,浦沿
"
绿城潮听明月
",50453,39,上城,七堡
"
保俶北路29号
",50437,0,西湖,文教
"
德信浙旅东宸
",50428,30,上城,城东新城
"
采荷路35号
",50337,4,上城,采荷
"
莫干山路347号
",50305,3,西湖,文教
"
翡翠江南华庭
",50266,43,萧山,钱江世纪城
"
锦昌文华苑
",50215,55,拱墅,拱宸桥
"
翠揽云境
",50191,72,上城,七堡
"
苏黎士小镇
",50161,21,萧山,湘湖
"
西溪山庄麓云苑
",50129,36,余杭,小和山
"
保俶北路99号
",50102,0,西湖,文教
"
荀庄
",50097,33,余杭,瓶窑
"
信步闲庭
",50091,19,拱墅,桥西
"
唐家景府
",50087,4,上城,景芳
"
运新花苑三区
",50076,11,上城,景芳
"
公元沐桥
",50063,28,西湖,之江
"
中山中路460-466号
",50056,3,上城,湖滨
"
紫园
",50005,4,上城,采荷
"
火药局弄39号
",49992,2,上城,清波
"
凤凰北苑
",49986,75,上城,南星
"
河坊街小区
",49947,0,上城,鼓楼
"
大兜路
",49936,1,拱墅,大关
"
江新苑小区
",49925,2,上城,复兴
"
融信杭州世纪
",49924,44,萧山,萧山新城区
"
西湖大道261、263、265号
",49902,5,上城,清波
"
星洲花园单身公寓
",49889,3,西湖,文一西路
"
万科坤和玉泉
",49799,81,西湖,西溪
"
昆仑橡树园
",49796,51,拱墅,申花
"
百岁坊巷
",49767,2,上城,鼓楼
"
中交悦西溪
",49755,24,余杭,西溪
"
金地大运桥西府
",49723,26,拱墅,万达广场
"
健康公寓
",49709,4,拱墅,丝绸城
"
国信嘉园
",49703,48,滨江,彩虹城
"
顺发旺角城二期
",49697,17,萧山,萧山市区
"
玉古路167.171号
",49667,15,西湖,黄龙
"
香积寺巷
",49650,4,拱墅,大关
"
金地玖峯汇
",49640,66,上城,九堡
"
布店弄
",49626,2,拱墅,众安桥
"
德信银树湾
",49591,38,拱墅,桥西
"
青春都市公寓
",49553,4,上城,南肖埠
"
富越香郡
",49548,56,拱墅,桥西
"
环城西路70号
",49518,2,拱墅,武林
"
荣安招商祥宸府
",49515,39,拱墅,三墩
"
环城西路38号
",49500,3,拱墅,武林
"
香兰名院
",49472,7,拱墅,大关
"
凤起路417号
",49435,1,拱墅,众安桥
"
文一路91号
",49417,0,西湖,文教
"
融信萧山公馆
",49410,33,萧山,萧山市区
"
金地天逸
",49398,104,萧山,萧山市区
"
滨江西溪之星
",49390,72,余杭,西溪
"
保俶北路95号
",49387,2,西湖,文教
"
大华西溪风情澄品
",49370,69,余杭,西溪
"
之江路51号
",49363,2,西湖,之江
"
光耀府
",49329,36,萧山,萧山市区
"
万家花城一期
",49317,90,拱墅,申花
"
环西新村
",49276,24,拱墅,武林
"
东方一号
",49273,21,萧山,萧山新城区
"
景宸天玺名城
",49241,90,萧山,萧山新城区
"
水沟巷
",49203,4,上城,清波
"
万科星空
",49112,32,余杭,未来科技城
"
钱塘滨和花园
",49106,4,滨江,滨江区政府
"
金昌春和钱塘
",49067,84,萧山,钱江世纪城
"
勤丰小区
",49062,21,拱墅,申花
"
景城花园
",49057,12,西湖,翠苑
"
枫丹白露
",49020,4,西湖,之江
"
坤和西溪里璞园
",49010,28,西湖,西溪
"
德雅花园
",49002,12,西湖,文教
"
柳营花园东区
",48963,7,拱墅,长庆
"
复兴城市家园
",48954,21,上城,复兴
"
大和里
",48933,4,拱墅,众安桥
"
紫樾府
",48828,74,余杭,未来科技城
"
顺发旭辉国悦府
",48816,11,萧山,萧山市区
"
世纪之光
",48808,123,萧山,钱江世纪城
"
文一路93号
",48707,3,西湖,文教
"
绿城春来晓园
",48686,45,上城,笕桥
"
近江家园一园
",48677,26,上城,近江
"
思敬里
",48677,2,拱墅,武林
"
中山北路369号
",48645,3,拱墅,天水
"
香洲里
",48592,19,余杭,西溪
"
秋涛路157号
",48545,7,上城,雄镇楼
"
东城印象公寓
",48526,12,上城,景芳
"
万安城市花园西苑
",48525,6,上城,清泰
"
凤凰山脚路
",48492,2,上城,西湖景区
"
万家花城二期
",48459,54,拱墅,申花
"
新城西溪逸境
",48454,36,余杭,未来科技城
"
天钜银河府
",48444,87,萧山,萧山新城区
"
长庆街
",48435,2,拱墅,长庆
"
杭印路
",48435,7,拱墅,桥西
"
富星苑
",48386,12,上城,近江
"
恒大国玺悦龙府
",48357,46,萧山,萧山新城区
"
茗春苑
",48350,15,西湖,转塘
"
时代滨江悦
",48333,16,滨江,西兴
"
利兹城市公寓
",48289,7,拱墅,建国北路
"
竹竿巷
",48269,14,拱墅,众安桥
"
顺福雅苑二区
",48213,3,上城,景芳
"
雪峰清泰花苑
",48194,1,上城,清泰
"
绿城晓月和风
",48189,14,滨江,彩虹城
"
金都华庭
",48174,19,拱墅,流水苑
"
嘉南公寓青藤居
",48172,10,西湖,文一西路
"
莫干山路613号
",48168,2,西湖,文教
"
邮政公寓
",48162,5,上城,采荷
"
武林桥河下
",48146,19,拱墅,武林
"
金棕榈花园
",48077,44,上城,复兴
"
乐虹湾
",48057,128,萧山,湘湖
"
莫干山路343
",48050,2,西湖,文教
"
阳光城未来悦MAX
",48046,126,余杭,未来科技城
"
招商远洋春秋华庭
",48032,53,拱墅,运河新城
"
钱江时代公寓
",48031,58,上城,近江
"
天目山路20号
",48021,1,西湖,文三
"
保俶北路46号
",48018,1,西湖,文教
"
白金海岸
",48017,63,滨江,长河
"
采荷街道青荷苑
",48000,15,上城,采荷
"
安吉路
",48000,10,拱墅,武林
"
盛元慧谷
",47987,57,滨江,彩虹城
"
绿城汀岸芷兰轩
",47965,12,西湖,之江
"
宋都凯旋苑
",47932,40,上城,采荷
"
望林府
",47929,127,拱墅,万达广场
"
府新花园西区
",47918,13,西湖,文三西路
"
华夏四季
",47893,146,余杭,未来科技城
"
红石中央花苑
",47868,9,拱墅,湖墅
"
采荷小区芙蓉邨
",47827,15,上城,采荷
"
云裳公寓
",47812,3,拱墅,建国北路
"
高运莱茵传奇
",47805,44,萧山,萧山新城区
"
绿城兰桂花园
",47786,23,西湖,文一西路
"
近江家园五园
",47768,28,上城,近江
"
上河公元里
",47741,13,拱墅,运河新城
"
当弄新村
",47715,1,西湖,申花
"
皇亲苑
",47690,24,拱墅,天水
"
中国铁建国际城
",47620,75,拱墅,拱宸桥
"
众安蒲荷芸邸
",47617,60,余杭,未来科技城
"
钱江四苑
",47616,4,上城,钱江新城
"
秋涛路178号
",47609,3,上城,南星
"
孝丰路小区
",47603,9,拱墅,武林
"
万科公望
",47577,36,富阳,东洲
"
名城燕园
",47521,34,拱墅,桥西
"
国都公寓
",47504,41,拱墅,众安桥
"
木材新村
",47499,27,上城,南星
"
大关公寓
",47490,1,拱墅,和睦
"
武林路
",47480,51,拱墅,武林
"
比胜庙巷13号
",47479,1,上城,湖滨
"
和谐嘉园南苑
",47451,17,上城,采荷
湖印宸山庄,83330,18,临平区,星桥
万丽璞丽,73726,2,临平区,临平新城
绿城伍重院,63404,6,临平区,东湖
华清山庄,61243,6,临平区,临平新城
广厦爱丽山庄,50385,6,临平区,星桥
华元花涧堂,46125,33,临平区,临平新城
臻品府,37874,39,临平区,临平新城
荷花别墅,37151,1,临平区,东湖
绿城玉园,36153,45,临平区,临平新城
新希望美的长粼府,34191,57,临平区,乔司
滨耀城,33467,28,临平区,临平新城
理想康城一品花苑,33337,41,临平区,临平新城
祥生群贤府,33178,106,临平区,崇贤
路劲远洋江南院子,33100,56,临平区,崇贤
广宇鼎悦府,32983,12,临平区,临平新城
荣安柳岸闻莺,32758,25,临平区,东湖
长粼之宸公寓,32729,20,临平区,乔司
中旅时光里,32340,29,临平区,乔司
德信博宸君府,32172,20,临平区,临平新城
阳光城保亿翡丽云邸,31997,26,临平区,临平新城
观棠明月,31969,11,临平区,塘栖
源著天樾府,31422,32,临平区,乔司
通和十二橡树,31038,71,临平区,星桥
同乔里,30727,2,临平区,乔司
西房杭语宸鹭院,30663,29,临平区,崇贤
嘉悦府,30594,52,临平区,东湖
阅湖之宸,30567,29,临平区,乔司
观湖之宸,30419,43,临平区,乔司
西房拱宸外滩,30231,110,临平区,崇贤
天珀府,30216,105,临平区,乔司
阳光绿色雅苑,29772,59,临平区,乔司
东湖尚府,29353,26,临平区,临平新城
香悦和鸣府,29316,42,临平区,临平新城
大美公寓,29163,29,临平区,临平新城
星运丽园兰逸,29078,12,临平区,星桥
临平桂花城南区,29022,19,临平区,临平新城
雍熙山庄,28965,17,临平区,临平新城
远洋路劲上河宸章,28741,65,临平区,崇贤
首创禧瑞江南,28695,46,临平区,临平新城
星翠芳华府,28665,10,临平区,星桥
旭辉时代城,28534,86,临平区,崇贤
西房良语云缦,28495,16,临平区,临平新城
中景华庭,28354,13,临平区,乔司
中交理想时代芳华,28038,59,临平区,临平新城
荣安翡翠半岛,27925,77,临平区,崇贤
中交悦美庐,27911,48,临平区,临平新城
随塘,27828,31,临平区,塘栖
学成府,27524,73,临平区,星桥
侨福·明园,27392,0,临平区,临平新城
绿城莲园,27370,35,临平区,东湖
汇高栢悦中心,27008,44,临平区,东湖
祥生绿都京杭府,26898,90,临平区,崇贤
君临天下,26394,61,临平区,临平新城
凯文杭庄,26262,24,临平区,东湖
御清城,26152,53,临平区,东湖
理想康城国际,25944,138,临平区,临平新城
华鼎君临天峯,25906,27,临平区,临平新城
经建绅世郡园,25903,47,临平区,临平新城
华鼎豪园,25792,7,临平区,临平新城
卓悦华庭（临平区）,25557,116,临平区,星桥
东海水景城,25421,202,临平区,临平新城
艺郡府,25264,63,临平区,乔司
月映星语园,25162,28,临平区,星桥
金辉蓝光辉逸云筑,25144,98,临平区,星桥
融创融耀之城,25029,77,临平区,星桥
经纬美耀湾,25021,37,临平区,星桥
金地艺境西区,25011,43,临平区,乔司
晨语汀澜里,24982,12,临平区,崇贤
佳兆业君汇上品,24917,46,临平区,乔司
天樾四季城,24874,17,临平区,塘栖
余庭,24865,72,临平区,临平新城
茶语华邸,24847,0,临平区,东湖
时代悦章府,24827,53,临平区,东湖
绿荷叠翠轩,24769,20,临平区,东湖
金辉久尚云筑,24633,87,临平区,乔司
金地艺境东区,24619,78,临平区,乔司
华源天盛中心,24608,13,临平区,临平新城
奥园华景川上锦宸府,24474,62,临平区,塘栖
绿都东澜府,24399,82,临平区,崇贤
胜稼红星嘉园三区,24357,0,临平区,乔司
路劲银城澜仕里,24349,56,临平区,崇贤
咏翠芳华轩,24314,14,临平区,东湖
中意名仕苑,24304,20,临平区,临平新城
和合财富中心,24290,14,临平区,临平新城
风荷叠翠府,24273,5,临平区,东湖
理想银泰城,24217,146,临平区,临平新城
香岸华庭,24095,133,临平区,东湖
逸品明珠花苑,24077,7,临平区,临平新城
贝利保元泽第,24012,18,临平区,临平新城
临平山庄,23958,4,临平区,临平新城
源翠府,23914,27,临平区,崇贤
旭辉贤君庭,23909,62,临平区,崇贤
钱塘梧桐蓝山,23888,95,临平区,临平新城
好望公寓,23792,3,临平区,临平新城
新希望锦畔云汀,23719,38,临平区,东湖
璞悦江南府,23699,16,临平区,崇贤
莱茵知己,23673,55,临平区,东湖
绿城蓝庭西区,23579,116,临平区,东湖
东晖龙悦湾,23558,111,临平区,东湖
金都夏宫,23530,280,临平区,东湖
海珀华庭,23458,39,临平区,东湖
野风珑园,23421,19,临平区,临平新城
星合映,23371,52,临平区,崇贤
宸瀚里,23344,43,临平区,运河新城
艺尚里,23341,15,临平区,临平新城
望梅华庭,23337,68,临平区,东湖
景瑞路劲海逸翠廷,23327,47,临平区,崇贤
朝阳西路97号,23227,1,临平区,临平新城
光合映,23201,34,临平区,崇贤
欣苑,23185,73,临平区,东湖
上坤山语四季,23038,59,临平区,东湖
朗诗未来街区东园,23005,44,临平区,乔司
华章名苑,22972,80,临平区,临平新城
秋实宸悦居,22971,26,临平区,崇贤
晴翠秋时府,22956,6,临平区,崇贤
朗诗未来街区,22944,74,临平区,乔司
杭语清澄,22917,48,临平区,崇贤
中天汀洲印月,22845,51,临平区,东湖
景瑞御华府,22740,72,临平区,临平新城
赞成首府,22738,104,临平区,临平新城
景瑞阳光城法兰公园,22646,88,临平区,东湖
璞云府,22420,51,临平区,东湖
嘉信九悦印象,22414,22,临平区,临平新城
香岸云栖燕庐,22410,33,临平区,东湖
香颂乐苑藕香居,22320,23,临平区,东湖
复地绿城月映咏荷园,22198,56,临平区,东湖
星光街505-1号,22177,0,临平区,东湖
赞成杭家,22170,72,临平区,崇贤
长岛绿园,22137,9,临平区,东湖
山青语筑,22131,43,临平区,东湖
曲江城发久境府,22119,47,临平区,东湖
宋都如意云境,22111,5,临平区,崇贤
赞成香颂一期,22097,33,临平区,东湖
久雍府,22038,40,临平区,东湖
华元欢乐城,21998,289,临平区,临平新城
风景晨园,21960,91,临平区,乔司
理想家园,21953,25,临平区,临平新城
云栖宸园,21912,35,临平区,东湖
海珀雅苑,21860,70,临平区,东湖
赞成檀府,21778,85,临平区,临平新城
广厦天都城尚棠源筑,21712,69,临平区,星桥
东田怡丰城,21709,105,临平区,乔司
临平桂花城北区,21680,64,临平区,临平新城
胡姬花园,21616,16,临平区,临平新城
安盛家园,21584,6,临平区,临平新城
上亿中央郡,21556,30,临平区,崇贤
经纬御贤府,21552,7,临平区,崇贤
君临阁,21509,0,临平区,临平新城
广厦天都城温莎苑,21450,25,临平区,星桥
东冠逸景花苑,21438,58,临平区,乔司
河畔新村,21348,23,临平区,临平新城
毓秀家园,21348,32,临平区,临平新城
新城都市丽景北区,21196,13,临平区,临平新城
瑞金华丽嘉苑,21153,43,临平区,星桥
三角丰收湖嘉园二区,21032,1,临平区,乔司
铂郡阁,21026,10,临平区,东湖
桂花星城,21018,35,临平区,临平新城
贝利珑昕泽第,21007,33,临平区,临平新城
中和北宸府,20944,32,临平区,崇贤
名苑公寓,20868,1,临平区,临平新城
龙湖香醍溪岸,20858,151,临平区,东湖
新城都市丽景南苑,20837,10,临平区,临平新城
广厦天都城爱尚公寓,20747,23,临平区,星桥
擎天半岛,20716,166,临平区,星桥
旭辉府,20637,127,临平区,崇贤
九龙仓君廷,20628,128,临平区,塘栖
瑞金华庭嘉苑,20610,59,临平区,星桥
君兰华庭,20574,17,临平区,崇贤
佳源名城,20565,83,临平区,崇贤
乔司商贸苑,20487,16,临平区,乔司
锦上庭,20455,85,临平区,星桥
沁源公寓,20409,103,临平区,星桥
太平永顺苑,20371,0,临平区,星桥
东城丽景,20355,53,临平区,乔司
锦昌年华,20321,168,临平区,崇贤
胜稼红星嘉园一区,20305,5,临平区,乔司
胜稼红星嘉园四区,20296,2,临平区,乔司
新街社区,20268,4,临平区,乔司
滨沁公寓,20141,137,临平区,星桥
瓶山公寓,20047,1,临平区,临平新城
红丰综合楼西楼,20025,0,临平区,临平新城
星桥桂花城,20017,64,临平区,星桥
复地连城国际,20006,237,临平区,乔司
西大街5-1号,19998,1,临平区,临平新城
联城公寓,19993,0,临平区,临平新城
蓝江晶品阁,19889,23,临平区,东湖
枫桥庭,19828,53,临平区,星桥
朝阳西路67号,19813,0,临平区,临平新城
胜稼红星嘉园二区,19785,4,临平区,乔司
临云山庄,19742,1,临平区,临平新城
贝利栖溪公馆,19722,41,临平区,塘栖
新城花苑,19698,21,临平区,临平新城
绿城风华苑,19645,64,临平区,临平新城
广厦天都城蓝调苑,19638,63,临平区,星桥
铁铺埭家苑一区,19609,0,临平区,星桥
龙尚府,19596,39,临平区,临平新城
嘉和银领时代,19536,51,临平区,星桥
瑞金华翠嘉苑,19526,15,临平区,星桥
绿城蓝庭东区,19499,120,临平区,东湖
迎宾花苑,19487,6,临平区,临平新城
河南埭路2号,19479,1,临平区,临平新城
绿城紫桂公寓,19451,77,临平区,星桥
锦良嘉苑三区,19443,3,临平区,临平新城
名门天第,19412,21,临平区,临平新城
邱山大街32号,19299,2,临平区,临平新城
佳居园,19266,1,临平区,临平新城
星运丽园,19257,81,临平区,星桥
宝丽金庭,19216,9,临平区,塘栖
伟业熙境府,19212,22,临平区,塘栖
众安理想湾,19191,174,临平区,东湖
前贤华庭,19146,1,临平区,崇贤
源山雅阁,19143,2,临平区,临平新城
桂花星座,19141,29,临平区,星桥
宾果公寓,19134,34,临平区,星桥
中铁九逸,19091,77,临平区,东湖
中尚橄榄树花园(南区),19077,77,临平区,崇贤
沾桥新苑,19002,8,临平区,崇贤
广厦天都城紫韵公寓,18957,40,临平区,星桥
雍澜府,18915,31,临平区,塘栖
广厦天都城天星苑,18798,84,临平区,星桥
锦良嘉苑二区,18770,12,临平区,临平新城
相寓,18658,26,临平区,东湖
东海花园,18619,25,临平区,临平新城
金桥花苑,18616,17,临平区,临平新城
广厦天都城爵士花园,18614,35,临平区,星桥
迎宾路158号,18504,3,临平区,临平新城
保安弄,18500,2,临平区,临平新城
河南埭路17号,18460,1,临平区,临平新城
中尚橄榄树花园（北区）,18382,53,临平区,崇贤
东冠逸家,18362,37,临平区,乔司
天水苑,18358,31,临平区,星桥
美好桂花金座,18348,44,临平区,星桥
星光街968号,18339,0,临平区,临平新城
广厦天都城天河苑,18310,183,临平区,星桥
进修弄,18274,12,临平区,临平新城
碧天家园,18236,18,临平区,临平新城
金石华城,18229,53,临平区,塘栖
格之林花园,18207,33,临平区,东湖
市南街,18199,0,临平区,塘栖
乔井路40-1号,18164,1,临平区,乔司
赵家弄(余杭),18150,5,临平区,临平新城
龙栖湾大厦,18114,11,临平区,塘栖
苏荷苑,18111,54,临平区,星桥
紫欣华庭,18106,42,临平区,崇贤
原舍花苑,18075,20,临平区,塘栖
翁梅新苑一区,18071,9,临平区,乔司
嘉利花园,17969,9,临平区,临平新城
朝阳西路43号,17946,1,临平区,临平新城
清流居,17943,1,临平区,塘栖
北大街141号,17936,2,临平区,临平新城
世纪嘉园晴彩巴厘,17922,75,临平区,临平新城
水韵四维苑北区,17921,12,临平区,运河新城
华立和郡,17914,17,临平区,东湖
朝阳西路135号,17847,2,临平区,临平新城
邱山大街344号-1,17832,1,临平区,临平新城
水汀人家,17830,16,临平区,临平新城
方家弄,17818,10,临平区,临平新城
阳光100嘉园,17794,1,临平区,塘栖
东湖中路18号,17739,0,临平区,临平新城
贝利栖溪望府,17643,59,临平区,塘栖
藕花洲大街,17617,1,临平区,临平新城
丰惠家园,17614,4,临平区,乔司
意法轻纺城,17517,26,临平区,乔司
东海水漾人家,17480,36,临平区,临平新城
乔中永和苑,17478,17,临平区,乔司
龙王塘路59号,17478,2,临平区,临平新城
迎宾路158-1号,17469,2,临平区,临平新城
清河花园,17467,5,临平区,临平新城
梅堰路13号,17455,7,临平区,临平新城
星火南路15号,17450,1,临平区,临平新城
凤仪家园,17413,19,临平区,临平新城
星海云庭,17406,72,临平区,崇贤
红联九漾华庭西区,17363,18,临平区,临平新城
苏珹名府,17343,28,临平区,临平新城
栖水珑庭,17331,7,临平区,塘栖
熙德名府,17331,31,临平区,临平新城
广大景和园,17328,6,临平区,临平新城
华励花苑,17286,1,临平区,临平新城
嘉丰万悦城南区,17279,91,临平区,东湖
兴安公寓,17274,11,临平区,乔司
前横弄8号,17261,1,临平区,临平新城
翁梅新苑二区,17250,23,临平区,乔司
野风启城,17249,82,临平区,塘栖
百合苑,17227,4,临平区,临平新城
邱山小区,17215,34,临平区,临平新城
春晖花苑,17202,3,临平区,临平新城
五月花城,17162,45,临平区,星桥
春风江南府,17159,33,临平区,塘栖
佳维新苑,17117,18,临平区,崇贤
水岸嘉园,17067,8,临平区,临平新城
吴家东风嘉苑一区,17047,1,临平区,乔司
石油公寓,17043,1,临平区,临平新城
龙王公寓,17034,3,临平区,临平新城
史家埭路小区,17017,6,临平区,临平新城
思惠家园,16999,2,临平区,临平新城
兰惠家园,16990,39,临平区,临平新城
汀洲花苑北,16931,23,临平区,东湖
都市知音,16925,22,临平区,东湖
锦良嘉苑一区,16920,19,临平区,临平新城
东港花苑,16908,116,临平区,东湖
华枫名苑,16905,15,临平区,东湖
杭辰星万里,16902,107,临平区,塘栖
康家公寓,16890,9,临平区,临平新城
南苑二区(余杭),16887,14,临平区,临平新城
广厦天都城天泉苑,16880,55,临平区,星桥
汤家锦绣公寓二期,16879,16,临平区,星桥
华艺星座,16867,23,临平区,星桥
乾南嘉苑四区,16854,3,临平区,东湖
超峰小区,16851,2,临平区,东湖
荷裕庭,16820,6,临平区,东湖
锦良嘉苑四区,16808,4,临平区,临平新城
经纬玲珑家园,16805,16,临平区,东湖
爱民路,16797,23,临平区,临平新城
府景公寓,16787,3,临平区,临平新城
复兴弄,16784,4,临平区,临平新城
清沁花苑,16775,11,临平区,临平新城
沿山路138号,16728,5,临平区,临平新城
星雅嘉园逸景苑,16722,22,临平区,星桥
新曙光公寓,16712,7,临平区,临平新城
陆家桥新苑,16670,20,临平区,崇贤
水韵四维苑南区,16668,10,临平区,运河新城
美术地毯厂,16609,3,临平区,临平新城
迎东泽第家苑,16609,0,临平区,临平新城
嘉丰万悦城北区,16601,39,临平区,东湖
惠都家园,16600,80,临平区,星桥
莲花公寓,16597,10,临平区,崇贤
悦泽公寓,16517,19,临平区,星桥
丝织弄59号,16493,6,临平区,临平新城
联胜新府,16470,1,临平区,临平新城
新月花园,16470,14,临平区,东湖
合丰花苑,16461,10,临平区,东湖
北秀向阳苑北区,16450,2,临平区,崇贤
碧云阁,16433,25,临平区,临平新城
城佳公寓,16408,3,临平区,临平新城
世纪嘉园,16383,40,临平区,临平新城
苑中园,16380,9,临平区,临平新城
四维公寓,16369,1,临平区,临平新城
北秀向阳苑南区,16346,12,临平区,崇贤
美人堂弄,16297,3,临平区,临平新城
旭润和府,16292,103,临平区,崇贤
佳肴弄,16280,15,临平区,临平新城
邱山大街92号,16265,3,临平区,临平新城
油车弄,16260,0,临平区,临平新城
中山路12-2号,16208,1,临平区,临平新城
紫晶时代,16185,7,临平区,乔司
紫兰花苑,16160,8,临平区,临平新城
金盛花苑,16141,6,临平区,临平新城
荷花小区,16139,61,临平区,东湖
朝阳西路17号,16111,1,临平区,临平新城
藕花苑,16103,7,临平区,临平新城
朝阳西路小区,16056,9,临平区,临平新城
梅堰小区,16050,92,临平区,临平新城
星润大厦,16031,41,临平区,星桥
良熟新苑,16021,34,临平区,临平新城
碧荷街,16016,1,临平区,东湖
水乡名苑,15995,3,临平区,塘栖
悦恺公寓,15992,0,临平区,星桥
木桥浜路23-295号,15965,14,临平区,临平新城
红联九漾华庭?东区,15919,35,临平区,临平新城
野风启明苑,15916,41,临平区,塘栖
恒达苑,15887,1,临平区,临平新城
东湖中路92号,15887,2,临平区,临平新城
北秀向阳苑西区,15870,24,临平区,崇贤
香山人家小区,15859,5,临平区,临平新城
伊世纪城市花园,15853,33,临平区,东湖
清水弄,15847,3,临平区,临平新城
东方俊园,15825,60,临平区,临平新城
临罗荷悦府,15810,4,临平区,东湖
大众弄,15795,7,临平区,临平新城
南苑一区,15777,18,临平区,临平新城
天府家园,15763,8,临平区,塘栖
广厦天都城天月苑,15750,28,临平区,星桥
金世纪运河丽园,15746,50,临平区,临平运河
黄鹤山居,15713,47,临平区,星桥
桐鹤名苑二区,15711,8,临平区,星桥
伊世纪城市花园一区,15698,10,临平区,临平新城
文园公寓,15680,1,临平区,临平新城
石坝新苑北区,15657,4,临平区,东湖
翁梅新苑三区,15606,6,临平区,乔司
金箭公寓,15579,7,临平区,临平新城
星雅嘉园逸品苑,15576,25,临平区,星桥
东安景苑,15535,35,临平区,临平新城
百姓弄小区,15513,12,临平区,临平新城
金世纪红枫苑,15503,31,临平区,东湖
临东家园,15498,28,临平区,东湖
星火小区,15473,10,临平区,临平新城
丁山郡府,15470,25,临平区,临平新城
湖岸枫林雅庭,15437,1,临平区,东湖
顺达花苑西区,15429,28,临平区,东湖
临和家苑北区,15359,8,临平区,东湖
朝阳新苑,15358,10,临平区,临平新城
东湖公寓,15347,14,临平区,临平新城
北庙北弄,15309,13,临平区,临平新城
太平家园,15301,26,临平区,星桥
环桥花苑,15289,7,临平区,东湖
汀洲花苑南,15273,2,临平区,东湖
五洋东湖春天,15262,24,临平区,东湖
水乡华庭,15254,20,临平区,塘栖
新大地,15240,10,临平区,临平新城
众孚水榭花都,15233,28,临平区,塘栖
结网嘉苑西区,15198,8,临平区,东湖
铁铺埭家苑二区,15185,0,临平区,星桥
桐鹤名苑一区,15175,13,临平区,星桥
西小河街332号,15173,0,临平区,塘栖
顺达花苑东区,15148,46,临平区,东湖
绿苑公寓,15143,1,临平区,临平新城
朝阳西路127号,15127,1,临平区,临平新城
北苑新村,15111,4,临平区,临平新城
邱山大街114-755号,15089,31,临平区,临平新城
环桥花苑二期,15068,18,临平区,东湖
合丰花苑北区,15048,2,临平区,东湖
运河玲珑香榭,15038,33,临平区,东湖
保健路138-170号,15033,1,临平区,临平新城
树兰书香名邸,15013,34,临平区,东湖
水车河弄,15011,9,临平区,临平新城
人民路1号,15008,0,临平区,塘栖
乾南嘉苑二区,14992,3,临平区,东湖
汤家锦绣公寓三区,14969,12,临平区,星桥
邱山公寓,14948,4,临平区,临平新城
文明小区,14946,2,临平区,临平新城
顺昌花园,14919,18,临平区,临平新城
南大街,14918,2,临平区,临平新城
天都花园,14912,27,临平区,临平新城
肖家弄,14912,18,临平区,临平新城
华都大楼,14912,1,临平区,临平新城
华宇家园,14907,24,临平区,东湖
后横弄,14899,4,临平区,临平新城
星育佳园,14893,6,临平区,临平新城
北大街,14867,6,临平区,临平新城
九曲营小区,14854,24,临平区,临平新城
朝阳西路131号,14847,1,临平区,临平新城
龙王塘路81号,14839,1,临平区,临平新城
星都家园,14826,2,临平区,临平新城
月光苑,14820,3,临平区,临平新城
临和家苑南区,14788,4,临平区,东湖
广厦天都城天湖苑,14771,35,临平区,星桥
广都嘉园,14766,4,临平区,临平新城
广厦天都城天风苑,14726,65,临平区,星桥
高速住宅,14703,5,临平区,临平新城
都市港湾,14666,53,临平区,东湖
景山路15号,14662,3,临平区,临平新城
万陈花苑,14658,14,临平区,东湖
龙王塘路90号,14645,2,临平区,临平新城
交通宿舍,14641,4,临平区,临平新城
中临弄,14599,0,临平区,临平新城
临城花苑,14596,40,临平区,东湖
运潭公寓,14517,11,临平区,东湖
塘栖栖里东苑,14510,11,临平区,塘栖
新丰小区,14493,12,临平区,临平新城
朝阳西路32号,14480,0,临平区,临平新城
兴旺公寓,14359,1,临平区,东湖
酒厂宿舍,14358,1,临平区,临平新城
缸甏弄,14349,7,临平区,临平新城
铁流公寓,14344,1,临平区,临平新城
广宇公寓,14329,3,临平区,塘栖
菜市路,14322,2,临平区,临平新城
棉百弄,14306,4,临平区,临平新城
结网嘉苑东区,14297,0,临平区,东湖
北大街228号,14228,5,临平区,临平新城
水岸名筑,14214,4,临平区,塘栖
新苑小区,14199,11,临平区,塘栖
大都尚澜,14179,20,临平区,临平运河
仓桥路,14165,7,临平区,塘栖
迎宾北区,14138,2,临平区,临平新城
圣塘河新村二区,14056,9,临平区,临平运河
中都广场,14003,6,临平区,临平新城
星火南路25号,14002,1,临平区,临平新城
逸仙路,13993,2,临平区,临平新城
石坝新苑南区,13990,7,临平区,东湖
丰梅路10-21号,13983,3,临平区,临平新城
保健路,13970,2,临平区,临平新城
运旺佳苑,13908,4,临平区,临平运河
枉山嘉苑一区,13878,2,临平区,星桥
力达易居时代,13842,22,临平区,东湖
运动新村,13788,5,临平区,塘栖
环岛公寓,13787,6,临平区,临平新城
沿山路198号,13759,0,临平区,临平新城
景丽华庭,13744,26,临平区,塘栖
香雪园,13743,3,临平区,塘栖
华惠家园,13720,22,临平区,东湖
东湖中路30号,13687,1,临平区,临平新城
碧佳公寓,13627,1,临平区,临平新城
锦绣名邸南区,13543,10,临平区,塘栖
东湖中路175号,13536,4,临平区,临平新城
乾南嘉苑,13516,5,临平区,东湖
桐鹤名苑三区,13512,10,临平区,星桥
将军殿弄,13502,10,临平区,临平新城
塘栖一小区,13502,78,临平区,塘栖
锦绣名邸,13499,30,临平区,塘栖
光大弄,13439,0,临平区,临平新城
春满小筑,13374,7,临平区,塘栖
西苑小区,13291,7,临平区,塘栖
风清苑,13177,2,临平区,临平新城
曙光嘉园,13177,8,临平区,东湖
东小河公寓,13165,30,临平区,塘栖
朝阳西路79号,13164,1,临平区,临平新城
水岸锦城,13138,23,临平区,塘栖
王家堰40号,13026,2,临平区,星桥
北大街249号,13006,1,临平区,临平新城
朝阳西路70号,13002,2,临平区,临平新城
崇贤商业中心,12942,5,临平区,崇贤
诚明诚品,12910,1,临平区,塘栖
月欣花苑,12909,1,临平区,东湖
九曲营路,12820,4,临平区,临平新城
塘栖嘉园,12806,19,临平区,塘栖
广济公寓,12764,11,临平区,塘栖
水乡人家,12717,7,临平区,塘栖
康宁和府,12660,18,临平区,塘栖
佳丽苑,12649,6,临平区,塘栖
湖潭路,12603,6,临平区,东湖
乐苑小区,12500,48,临平区,塘栖
育人嘉园,12486,4,临平区,塘栖
广济西路,12416,3,临平区,塘栖
乾南嘉苑三区,12322,0,临平区,东湖
西小河小区,12295,41,临平区,塘栖
藕花洲大街西段623号,12291,8,临平区,星桥
北大街231号,12283,1,临平区,临平新城
塘南茗苑,12226,14,临平区,塘栖
华励宿舍,12219,0,临平区,临平新城
康庭和苑,12161,38,临平区,塘栖
永益公寓,12062,1,临平区,乔司
钱江国际广场,11866,64,临平区,塘栖
东石塘,11854,4,临平区,塘栖
龙王塘路,11807,0,临平区,临平新城
区检察院宿舍,11689,1,临平区,临平新城
里仁路1号,11686,1,临平区,塘栖
啤酒城宿舍,11291,0,临平区,临平新城
枉山嘉苑二区,11050,0,临平区,星桥
木鸭埭,11001,4,临平区,塘栖
中都写字楼,10902,3,临平区,临平新城
万盛商贸城公寓,10180,6,临平区,塘栖
皮匠弄,8486,1,临平区,塘栖
望梅路588号,8428,24,临平区,东湖
德雅金座,7736,3,临平区,东湖
沿山路2-5号,暂无数据,0,临平区,临平新城
心怡苑,暂无数据,0,临平区,临平新城
河南埭路4-1,暂无数据,0,临平区,临平新城
朝阳东路73号,暂无数据,0,临平区,临平新城
朝阳西路15号,暂无数据,0,临平区,临平新城
富邦星座,暂无数据,21,临平区,临平新城
通和波士顿公寓,暂无数据,1,临平区,星桥
美莱国际中心写字楼,暂无数据,33,临平区,临平新城
东湖北路257号,暂无数据,0,临平区,东湖
九洲大厦,暂无数据,0,临平区,临平新城
鼎盛大厦,暂无数据,0,临平区,临平新城
西大街1号,暂无数据,0,临平区,临平新城
四维金座,暂无数据,12,临平区,崇贤
东大街公司宿舍,暂无数据,0,临平区,临平新城
远顺大厦,暂无数据,6,临平区,塘栖
江南五金装饰广场,暂无数据,0,临平区,东湖
理想国际大厦,暂无数据,0,临平区,临平新城
麦道大厦,暂无数据,0,临平区,临平新城
东湖北路227,暂无数据,0,临平区,东湖
星火南路1号,暂无数据,0,临平区,临平新城
兴耀锦里,暂无数据,0,临平区,星桥
朝阳东路75号,暂无数据,0,临平区,临平新城
临平西子国际,暂无数据,5,临平区,临平新城
远景城市e谷,暂无数据,17,临平区,塘栖
胜稼公寓,暂无数据,0,临平区,工业园北
朝阳东路75号,暂无数据,0,临平区,临平新城
开发局宿舍,暂无数据,0,临平区,临平新城
武林小区,暂无数据,0,临平区,临平新城
理想世纪金座,暂无数据,3,临平区,临平新城
赞成世纪,暂无数据,0,临平区,临平新城
星河嘉园,暂无数据,0,临平区,东湖
万华in工坊,暂无数据,0,临平区,塘栖
永顺嘉园,暂无数据,0,临平区,乔司
人民大道473号,暂无数据,0,临平区,临平新城
华临山庄,暂无数据,0,临平区,临平新城
谛都科技城,暂无数据,0,临平区,东湖
临平西子国际,暂无数据,5,临平区,临平新城
星火南路1号,暂无数据,0,临平区,临平新城
兴耀锦里,暂无数据,0,临平区,星桥
中梁顺悦庭,暂无数据,0,临平区,东湖
木桥浜路232号,暂无数据,0,临平区,临平新城
车站路,暂无数据,0,临平区,临平新城
华艺星座B区,暂无数据,0,临平区,星桥
复地·又一城,暂无数据,0,临平区,乔司
中山路12-3号,暂无数据,1,临平区,临平新城
中山路12-4号,暂无数据,0,临平区,临平新城
商校弄,暂无数据,0,临平区,临平新城
富邦星座,暂无数据,21,临平区,临平新城
朝阳西路15号,暂无数据,0,临平区,临平新城
通和波士顿公寓,暂无数据,1,临平区,星桥
朝阳东路73号,暂无数据,0,临平区,临平新城
河南埭路4-1,暂无数据,0,临平区,临平新城
心怡苑,暂无数据,0,临平区,临平新城
沿山路2-5号,暂无数据,0,临平区,临平新城
东湖北路227,暂无数据,0,临平区,东湖
麦道大厦,暂无数据,0,临平区,临平新城
兴耀锦里,暂无数据,0,临平区,星桥
美致生活广场,暂无数据,102,临平区,塘栖
八方杰座大厦,暂无数据,0,临平区,临平新城
浙商开元名都祺寓,暂无数据,22,临平区,临平新城
江南国际丝绸城,暂无数据,15,临平区,东湖
嘉凯城商业中心,暂无数据,0,临平区,塘栖
中山路12-3号,暂无数据,1,临平区,临平新城
南苑·发展大厦,暂无数据,0,临平区,临平新城
阳光天地商业街,暂无数据,0,临平区,东湖
张百步弄小区,暂无数据,0,临平区,塘栖
朝阳西路75号,暂无数据,0,临平区,临平新城
沿山路27号,暂无数据,0,临平区,临平新城
CBC时代大观,暂无数据,16,临平区,临平新城
万宝城,暂无数据,58,临平区,东湖
中顺新澜悦,暂无数据,17,临平区,临平新城
藕花洲大街427号-1号,暂无数据,0,临平区,临平新城
超峰西路2号,暂无数据,0,临平区,东湖
河南埭路,暂无数据,0,临平区,临平新城
五中大厦,暂无数据,0,临平区,东湖
龙皇塘路3号,暂无数据,0,临平区,临平新城
人民路168号,暂无数据,0,临平区,塘栖
新康家园,暂无数据,0,临平区,临平新城
农资住宅小区,暂无数据,0,临平区,临平新城
华临山庄,暂无数据,0,临平区,临平新城
四维金座,暂无数据,12,临平区,崇贤
鼎盛大厦,暂无数据,0,临平区,临平新城
西大街1号,暂无数据,0,临平区,临平新城
通和波士顿公寓,暂无数据,1,临平区,星桥
江南五金装饰广场,暂无数据,0,临平区,东湖
东湖中路2号,暂无数据,0,临平区,临平新城
万华1号,暂无数据,9,临平区,塘栖
江南家居装饰区,暂无数据,0,临平区,东湖
美亚大厦,暂无数据,0,临平区,临平新城
梅堰路9号,暂无数据,0,临平区,临平新城
迎宾路209-4号,暂无数据,0,临平区,临平新城
东湖中路227号,暂无数据,0,临平区,临平新城
永顺嘉园,暂无数据,0,临平区,乔司
万华in工坊,暂无数据,0,临平区,塘栖
新丰路集资房,暂无数据,0,临平区,临平新城
大园弄,暂无数据,0,临平区,临平新城
谛都科技城,暂无数据,0,临平区,东湖
赞成世纪,暂无数据,0,临平区,临平新城
塘栖西苑,暂无数据,0,临平区,塘栖
南苑·发展大厦,暂无数据,0,临平区,临平新城
商校弄,暂无数据,0,临平区,临平新城
沿山路31号,暂无数据,0,临平区,临平新城
德雅汇丰,暂无数据,0,临平区,东湖
东湖北路151号,暂无数据,0,临平区,东湖
中骏鼎湖未来云城,暂无数据,0,临平区,临平新城
新秀家园北区,暂无数据,0,临平区,临平新城
广济路,暂无数据,0,临平区,塘栖
木桥浜路269-1号,暂无数据,0,临平区,临平新城
星光外贸宿舍楼,暂无数据,0,临平区,东湖
八方杰座大厦,暂无数据,0,临平区,临平新城
浙商开元名都祺寓,暂无数据,22,临平区,临平新城
美致生活广场,暂无数据,102,临平区,塘栖
IFC,暂无数据,2,临平区,临平新城
高璟云庭,暂无数据,0,临平区,临平新城
合景泰富寰汇（石门街6号）,暂无数据,3,临平区,临平新城
藕花洲大街389号,暂无数据,0,临平区,临平新城
华景川湖沁宸园,暂无数据,0,临平区,临平运河
三角丰收湖嘉园六区,暂无数据,0,临平区,乔司
三角丰收湖嘉园五区,暂无数据,0,临平区,乔司
绿翠芳映轩,暂无数据,0,临平区,东湖
三角丰收湖嘉园四区,暂无数据,0,临平区,乔司
临之锦,暂无数据,0,临平区,临平新城
东风嘉苑二区,暂无数据,0,临平区,乔司
罗庄荷苑南区,暂无数据,0,临平区,东湖
银泰时代中心,暂无数据,0,临平区,临平新城
三角丰收湖嘉园一区,暂无数据,0,临平区,乔司
荷禹宸府,暂无数据,0,临平区,东湖
商会大厦(临平),暂无数据,0,临平区,临平新城
江山风华邻里中心,暂无数据,1,临平区,东湖
月语和风里,暂无数据,0,临平区,崇贤
政法街,暂无数据,0,临平区,临平新城
瑞鑫大厦,暂无数据,0,临平区,东湖
小区名称,均价,在售套数,所在区,所在街道
麒麟山庄,103580,3,临安区,临安
麒麟山庄D区,70376,2,临安区,临安
华特山庄,51759,4,临安区,临安
青山湖玫瑰园,51266,141,临安区,临安
绿城青山湖红枫园,40918,27,临安区,青山湖科技城
同人山庄,35177,42,临安区,临安
锦绣钱塘,34288,142,临安区,临安
绿野清风,33973,17,临安区,临安
绿城桃李春风,33383,275,临安区,临安
岛上锦源,32398,12,临安区,临安
郡原列岛花园,31972,10,临安区,临安
水岸风华,31245,12,临安区,临安
桃李湖滨,30054,235,临安区,临安
大华春山明月,27070,236,临安区,临安
森林湖山庄南区,26865,11,临安区,临安
青城山语间,26204,101,临安区,临安
易辰江南大院,25548,70,临安区,临安
状元府,24811,25,临安区,临安
玲珑天城,24623,10,临安区,临安
绿城曼陀花园,24051,35,临安区,临安
春风燕语,23609,107,临安区,临安
桃李望湖里,23553,5,临安区,临安
湖光山社,22004,180,临安区,临安
林泉流韵,21589,9,临安区,临安
苕溪公馆,21254,102,临安区,临安
西墅保锦苑,20949,1,临安区,临安
缦云府,20776,45,临安区,临安
通策状元府,19183,1,临安区,临安
春天华府(临天路),18764,101,临安区,临安
美的滨湖翠邸,18675,21,临安区,临安
雷威沁园,18521,15,临安区,临安
西之望府,18494,48,临安区,临安
湖山壹品苑,18492,166,临安区,临安
棠颂大院,18462,0,临安区,临安
湖语澜轩,18099,132,临安区,临安
万锦山庄,17978,3,临安区,临安
中天宸锦学府,17959,1,临安区,临安
世茂国风源赋,17949,1,临安区,临安
平山新村,17886,1,临安区,临安
中骏临栖云府,17723,46,临安区,临安
银城青山湖畔,17700,286,临安区,临安
临天路8弄47号,17522,0,临安区,临安
未来旭辉城,17487,76,临安区,青山湖科技城
华发峰荟荟天府,17417,64,临安区,临安
西径晓风苑,17370,149,临安区,临安
苕溪学府,17336,234,临安区,临安
盛景蔚澜名邸,17264,116,临安区,青山湖科技城
旭辉中粮朗香府,17253,277,临安区,青山湖科技城
百骊府,17242,1,临安区,临安
中天万科启宸,17234,170,临安区,临安
临水路144号,17060,0,临安区,临安
中天珺府东区,17027,140,临安区,青山湖科技城
北樾府,17010,252,临安区,临安
保亿丽云府,16924,4,临安区,青山湖科技城
水悦花园,16893,213,临安区,临安
融创金成璞樾大观,16853,92,临安区,临安
越秀归悦里,16732,92,临安区,临安
中天宸望,16656,25,临安区,临安
春天学府,16653,200,临安区,临安
越秀星悦城,16646,560,临安区,临安
保亿阳光城丽光城,16632,145,临安区,青山湖科技城
中天溪珺庭,16608,98,临安区,临安
竹韵小筑,16568,0,临安区,临安
溪悦十锦台公寓,16538,87,临安区,临安
湖山云台苑,16415,360,临安区,临安
观唐花园,16398,2,临安区,临安
星著柏悦府,16386,52,临安区,临安
荣盛檀越府,16238,98,临安区,青山湖科技城
蔚宸悦城,16232,304,临安区,青山湖科技城
雨润星雨华府,16093,39,临安区,临安
财富商厦,15995,26,临安区,临安
新港城,15970,20,临安区,临安
绿城玉兰花园,15935,170,临安区,临安
绿城钱王文化广场锦玉园,15833,26,临安区,临安
中天珺府,15743,530,临安区,临安
西墅街286号,15687,1,临安区,临安
中天大家宸澜学府,15676,70,临安区,临安
万马伊顿庄园,15646,39,临安区,临安
汇锦华庭北区,15597,8,临安区,临安
美丽湾,15516,55,临安区,临安
云珀府,15491,125,临安区,临安
临溪佳苑,15476,6,临安区,临安
金禾嘉园,15360,14,临安区,临安
佳源锦晟里,15355,63,临安区,临安
尚城国际,15258,7,临安区,临安
星悦金座,15235,10,临安区,临安
大家·锦悦栖溪轩,15201,14,临安区,临安
绿城·文西诚园,15196,118,临安区,临安
如意云庭,15188,108,临安区,临安
旭辉东原吴越府,15114,206,临安区,临安
中天雅境,15094,155,临安区,临安
保亿麓语湖苑,15079,201,临安区,青山湖科技城
田野风情,15066,1,临安区,临安
蓝城恒伟江南山庄,15046,56,临安区,临安
钱王财富中心,15046,22,临安区,临安
印象苕溪城,15002,242,临安区,临安
城镇依山郡,14886,7,临安区,临安
碧桂园中梁凤朝鸣庭,14813,31,临安区,临安
中骏骏澜湾,14681,132,临安区,临安
天屹公寓,14681,4,临安区,临安
绿城桃语春福里,14641,3,临安区,临安
柏源晶舍,14613,6,临安区,临安
云麓悦映邸,14607,0,临安区,临安
龙沁城,14459,276,临安区,临安
恒福嘉城,14396,161,临安区,青山湖科技城
长麓府,14344,100,临安区,临安
越秀悦映城,14320,300,临安区,临安
明月山庄,14309,2,临安区,临安
城中府,14303,50,临安区,临安
青山印象府,14271,147,临安区,青山湖科技城
马溪村,14220,0,临安区,临安
金色时代,14134,26,临安区,临安
越秀星汇花园,14072,885,临安区,青山湖科技城
春天,13873,56,临安区,临安
西墅绿洲,13861,35,临安区,临安
南樾府,13850,190,临安区,临安
国瑞中心,13832,96,临安区,临安
新民街6-8号,13832,2,临安区,临安
临水路66号,13713,0,临安区,临安
御城御园,13699,8,临安区,临安
金城华府,13696,13,临安区,临安
锦溪公寓,13678,1,临安区,临安
景杉路,13675,8,临安区,临安
临水路62-68号,13612,0,临安区,临安
绿城云杉郡,13541,165,临安区,青山湖科技城
锦溪优樾府,13537,56,临安区,临安
公园城,13481,43,临安区,临安
绿地亚洲公园,13453,137,临安区,临安
成龙官山邸,13434,49,临安区,临安
樱花府第西园,13339,19,临安区,临安
银城青山桂语,13333,0,临安区,临安
颐和山庄,13287,155,临安区,临安
宝龙融信新世邸,13284,122,临安区,临安
锦云澜天里,13235,125,临安区,临安
公园家南区,13147,40,临安区,临安
锁厂宿舍,13134,1,临安区,临安
永隆公寓,13107,2,临安区,临安
褐石公馆,13068,8,临安区,临安
锦贤府,13045,147,临安区,临安
江南名楼,12999,6,临安区,临安
竹林家园,12954,0,临安区,临安
望湖花园,12865,10,临安区,临安
美晟府,12818,36,临安区,临安
临水路16号,12774,1,临安区,临安
江桥路396号,12753,1,临安区,临安
云锦玖晟府,12751,208,临安区,临安
梦境家园,12703,7,临安区,青山湖科技城
翠竹苑,12692,0,临安区,临安
临天路九弄50号,12687,1,临安区,临安
青山鹤岭,12661,211,临安区,青山湖科技城
锦桥家园,12653,0,临安区,临安
玲珑郡,12642,64,临安区,临安
矿山机械厂宿舍,12612,0,临安区,临安
浅水湾庄园(吴越街),12606,15,临安区,临安
东投悦荣府,12602,27,临安区,临安
南岸风景,12589,11,临安区,临安
安阁弄110-112号,12511,0,临安区,临安
秀水山居,12506,0,临安区,临安
林水山居,12498,27,临安区,临安
荣上青云府,12479,139,临安区,临安
天工商厦,12466,2,临安区,临安
锦尚唐宁郡,12277,51,临安区,临安
大园新城南区,12229,106,临安区,青山湖科技城
大园新城,12227,90,临安区,青山湖科技城
汇锦华庭,12201,13,临安区,临安
城中街225号,12188,0,临安区,临安
马溪公寓,12113,1,临安区,临安
锦城新天地购物广场,12102,4,临安区,临安
天目观山月,12093,26,临安区,临安
佳源优优锦城,12045,95,临安区,临安
鸿盛家园,12009,7,临安区,临安
南洋名都,11969,28,临安区,临安
医药公司大楼,11965,0,临安区,临安
城南小学宿舍,11937,1,临安区,临安
钱锦花园,11927,76,临安区,临安
北苑丽城,11887,8,临安区,临安
临安大厦,11851,21,临安区,临安
畔湖路,11844,0,临安区,临安
粮食局宿舍,11819,0,临安区,临安
锦龙公寓,11756,1,临安区,临安
景杉路782号,11689,1,临安区,临安
西苑路二弄,11689,1,临安区,临安
六园街1号,11612,0,临安区,临安
恒福禹都,11591,34,临安区,临安
水泥厂宿舍,11586,4,临安区,临安
筑境花园,11538,127,临安区,临安
青溪美庐,11537,6,临安区,临安
星港9月,11522,13,临安区,临安
马溪东苑,11515,9,临安区,临安
御城熙园,11505,6,临安区,临安
葡萄园小区,11447,6,临安区,临安
竹林风华,11435,14,临安区,临安
明泰苑,11388,6,临安区,临安
石镜街175号,11378,0,临安区,临安
天松花苑,11365,5,临安区,临安
翠紫苑,11332,89,临安区,青山湖科技城
恒晟逸家,11301,4,临安区,临安
临水路106号,11287,1,临安区,临安
万马樱花公馆,11273,52,临安区,临安
滨湖天地,11249,0,临安区,临安
玲珑家苑,11232,0,临安区,临安
万华茗楼,11202,5,临安区,临安
中赢时代风景,11187,48,临安区,临安
钱景路47号,11166,1,临安区,临安
紫竹苑,11121,13,临安区,临安
广场花园,11097,40,临安区,临安
西雅园,11084,23,临安区,临安
太阳城花园,11067,41,临安区,临安
宏伟公寓,11056,7,临安区,临安
吴越山庄,11030,99,临安区,临安
钱王街288号,11027,1,临安区,临安
中天溪风雅韵,11008,1,临安区,临安
竹悦山水轩,10995,0,临安区,临安
樱花府第,10988,26,临安区,临安
怡庭园,10977,1,临安区,临安
远洋山水花园,10967,22,临安区,临安
天发公寓,10963,0,临安区,临安
西墅锦园,10944,9,临安区,临安
临天路369号,10925,1,临安区,临安
临天八弄49号,10909,1,临安区,临安
黄金水岸,10905,3,临安区,临安
枫林晓城,10903,9,临安区,临安
绿城天语山居,10875,13,临安区,临安
樱花雅苑北区,10866,13,临安区,临安
茶厂小区,10861,2,临安区,临安
御城涵园,10851,34,临安区,临安
香溢公寓,10840,0,临安区,临安
樱花雅苑南区,10836,11,临安区,临安
名都雅苑,10809,10,临安区,临安
锦春家园68号,10801,0,临安区,临安
锦竹苑,10798,2,临安区,临安
西墅花园,10790,8,临安区,临安
临天路八弄32号,10773,0,临安区,临安
锦绣兰庭(临安),10750,14,临安区,临安
临天路一弄30号,10723,1,临安区,临安
江南佳苑,10709,57,临安区,青山湖科技城
城中街268号,10598,2,临安区,临安
遇见清煦里,10591,60,临安区,临安
和煦锦庭,10566,14,临安区,临安
化工厂生活小区,10565,2,临安区,临安
怡情风景苑,10563,7,临安区,临安
遇见芳华里,10546,4,临安区,临安
天平驾校,10481,0,临安区,临安
九豪庄园,10473,11,临安区,临安
芳泽锦安里,10457,13,临安区,临安
顺达丁香苑,10409,11,临安区,临安
临东小区,10387,20,临安区,临安
南苑小区,10385,54,临安区,临安
畔湖路52-54号,10380,0,临安区,临安
锦南公寓,10354,3,临安区,临安
北润家园,10351,8,临安区,临安
越秀星汇中心,10338,17,临安区,青山湖科技城
天目路,10312,0,临安区,临安
蚕种场宿舍,10311,0,临安区,临安
衣锦街430号,10286,0,临安区,临安
恒晟云中绿园,10279,19,临安区,临安
临天八弄31号,10267,0,临安区,临安
凤凰府邸,10256,3,临安区,临安
滨江公寓,10252,10,临安区,临安
江桥路482号,10243,0,临安区,临安
锦江公寓,10218,15,临安区,临安
融悦天辰府,10197,17,临安区,临安
香樟名苑,10195,9,临安区,临安
春和景明院,10194,28,临安区,临安
城中街392号,10162,2,临安区,临安
天阳大厦,10141,9,临安区,临安
计量局宿舍,10139,2,临安区,临安
华兴楼,10125,2,临安区,临安
畔湖路101号,10119,1,临安区,临安
棋盘弄24号,10097,0,临安区,临安
锦天城市花园,10081,6,临安区,临安
绿岛花园南区,10068,10,临安区,临安
安阁弄116/118/120号,10057,1,临安区,临安
水岸阳光,10044,10,临安区,临安
江桥二弄87号,10040,2,临安区,临安
湖山新村,10039,5,临安区,临安
临天路2108号,10032,1,临安区,临安
大华路175号,10013,0,临安区,临安
苕溪人家,10012,3,临安区,临安
临天路106号,9999,3,临安区,临安
玲珑府园,9997,33,临安区,临安
临水路147号,9990,2,临安区,临安
钱王大街1598号,9982,0,临安区,临安
丁香南苑,9980,3,临安区,临安
江桥路159号,9961,1,临安区,临安
和谐小区,9953,3,临安区,临安
衣锦人家,9943,30,临安区,临安
大园新城南二区,9925,27,临安区,青山湖科技城
九州星座,9918,12,临安区,临安
君临雅苑,9916,0,临安区,临安
春芳满庭,9890,49,临安区,临安
吴越人家北区,9879,32,临安区,临安
新民街,9863,2,临安区,临安
公园家北区,9863,4,临安区,临安
衣锦街567号,9862,1,临安区,临安
百盛春天公社,9839,0,临安区,临安
锦绣山水苑,9812,43,临安区,临安
碧桂苑,9772,48,临安区,临安
亲和家园,9755,7,临安区,临安
吴越人家南区,9755,33,临安区,临安
药厂宿舍,9749,3,临安区,临安
杭氧和院,9743,208,临安区,青山湖科技城
水岸明珠,9737,4,临安区,临安
同德公寓,9704,8,临安区,临安
衣锦街539/541号,9702,2,临安区,临安
锦南人家三区,9673,53,临安区,临安
城中街245号,9655,1,临安区,临安
国瑞牧云里,9647,63,临安区,临安
城中花园(临安),9630,42,临安区,临安
锦桥路,9613,1,临安区,临安
沁雅苑,9599,4,临安区,临安
景杉路45号,9534,0,临安区,临安
临天路,9504,1,临安区,临安
横潭路,9503,0,临安区,临安
聚金商厦,9494,2,临安区,临安
水岸华府,9492,10,临安区,临安
东方公寓,9468,1,临安区,临安
恒盛锦园,9458,0,临安区,临安
百合公寓,9444,5,临安区,临安
功臣山路80号,9441,0,临安区,临安
钱王铂金大厦,9435,14,临安区,临安
时代公寓,9427,1,临安区,临安
云集金座,9419,80,临安区,临安
衣锦街,9411,1,临安区,临安
丰泽苑(临安),9409,8,临安区,临安
家和苑,9406,3,临安区,临安
秋水览山,9393,44,临安区,临安
新民街289-315号,9392,0,临安区,临安
景杉路571号,9390,1,临安区,临安
绿岛花园,9378,9,临安区,临安
功臣山路36号,9376,1,临安区,临安
马溪苑,9320,3,临安区,临安
南苑二区(临安),9318,20,临安区,临安
锦南人家,9295,71,临安区,临安
西林苑,9288,3,临安区,临安
临天路八弄52号,9287,1,临安区,临安
汇锦畔湖苑,9284,12,临安区,临安
玲珑花园,9281,66,临安区,临安
和合公寓,9267,5,临安区,临安
临安人家,9251,33,临安区,临安
锦北家园,9241,1,临安区,临安
世纪都市雅苑,9239,16,临安区,临安
会馆弄5号,9177,1,临安区,临安
钱王公寓,9174,2,临安区,临安
城中苑,9167,5,临安区,临安
勤俭弄44号,9118,0,临安区,临安
临天路2123号,9108,3,临安区,临安
江南路103号,9100,1,临安区,临安
畔湖路70号,9087,1,临安区,临安
新世纪公寓,9085,1,临安区,临安
长客公司宿舍,9082,2,临安区,临安
忆江南家园,9061,50,临安区,临安
江南商城,9012,10,临安区,临安
康宁苑,8990,2,临安区,临安
锦福新村,8989,10,临安区,临安
汇锦新村,8975,1,临安区,临安
临天十弄,8974,3,临安区,临安
钱王新村,8962,4,临安区,临安
临建宿舍,8959,3,临安区,临安
临天路八弄60号,8938,3,临安区,临安
平康路68号,8923,0,临安区,临安
江南公寓,8915,2,临安区,临安
锦天花园,8914,15,临安区,临安
宝亿御景园,8913,18,临安区,临安
城中街378号,8877,0,临安区,临安
潜洲幸福里,8820,10,临安区,临安
汇锦苑,8811,26,临安区,临安
联建房小区,8799,2,临安区,临安
锦城镇广场路7号,8782,1,临安区,临安
临水路219-221号,8764,1,临安区,临安
江桥路467号,8723,0,临安区,临安
景杉路620-624号,8717,1,临安区,临安
恒晟左邻右里,8693,32,临安区,临安
石镜街555号,8655,1,临安区,临安
临天路1889号,8637,1,临安区,临安
锦花公寓,8629,1,临安区,临安
西林人家,8623,1,临安区,临安
丽景苑(临安),8614,3,临安区,临安
锦都嘉园,8606,27,临安区,临安
商业城,8604,4,临安区,临安
景杉路614号,8591,1,临安区,临安
江南路市政宿舍,8577,3,临安区,临安
锦南新村,8566,31,临安区,临安
临天路2098号,8555,0,临安区,临安
钱王街374号,8548,0,临安区,临安
衣锦街571号,8545,1,临安区,临安
城中街374号,8523,0,临安区,临安
钱王大街512号,8479,1,临安区,临安
嘉和公寓,8463,1,临安区,临安
江南路36号,8460,0,临安区,临安
临天路1690,8439,1,临安区,临安
临天九弄,8435,2,临安区,临安
锦峰公寓,8426,5,临安区,临安
金桥公寓,8378,6,临安区,临安
回龙公寓,8361,3,临安区,临安
紫景苑,8354,5,临安区,临安
钱王街780号,8352,1,临安区,临安
万马公寓,8348,3,临安区,临安
青龙公寓,8347,3,临安区,临安
瑞麒佳苑,8317,5,临安区,临安
祥和嘉苑,8294,1,临安区,临安
吴越街528号,8280,4,临安区,临安
中国银行宿舍,8240,0,临安区,临安
万乐园,8208,12,临安区,临安
景杉路548号,8207,3,临安区,临安
临天路一弄,8205,2,临安区,临安
大华玲珑苑,8205,2,临安区,临安
水华苑,8157,4,临安区,临安
临天路2135号,8144,0,临安区,临安
工行宿舍,8122,1,临安区,临安
天目苑,8112,4,临安区,临安
明珠公寓,8109,1,临安区,临安
小王子宿舍,8109,0,临安区,临安
东亚溪雅香舍,8103,2,临安区,临安
钱王街448-450号,8098,1,临安区,临安
江桥一弄21号,8098,1,临安区,临安
香榭苑,8059,3,临安区,临安
景杉路589号,8044,0,临安区,临安
万乐西园,8033,8,临安区,临安
阳光苑,8019,3,临安区,临安
小王子路243-255号,8014,2,临安区,临安
湖塘公寓,8009,1,临安区,临安
天目路250号,8006,0,临安区,临安
轮胎厂宿舍,7995,1,临安区,临安
禄地名苑,7992,16,临安区,临安
临水路42-48号,7958,0,临安区,临安
桂花新村,7948,8,临安区,临安
安阁弄,7935,1,临安区,临安
临天二弄,7932,2,临安区,临安
石镜街,7932,1,临安区,临安
娄村浜,7901,0,临安区,临安
银杏公寓,7898,3,临安区,临安
钱王街501-515号,7872,1,临安区,临安
会馆弄13号,7868,1,临安区,临安
九龙公寓,7859,7,临安区,临安
石镜街692号,7856,0,临安区,临安
会馆弄18号,7835,3,临安区,临安
棋盘弄40号,7821,1,临安区,临安
金盾花园,7818,10,临安区,临安
锦桥路65号,7807,1,临安区,临安
南方公寓,7781,3,临安区,临安
於潜镇青兰阁,7781,7,临安区,临安
玫瑰苑,7778,10,临安区,临安
临水路177-2号,7768,2,临安区,临安
钱王街1558号,7765,0,临安区,临安
西苑小区(临安),7757,8,临安区,临安
吴越街580号,7744,1,临安区,临安
潜阳府,7743,12,临安区,临安
临水路193号,7732,0,临安区,临安
胜利巷29号,7729,1,临安区,临安
锦桥路34号,7729,1,临安区,临安
钱王街,7697,3,临安区,临安
侨资公司宿舍,7694,1,临安区,临安
唐昌学府,7614,2,临安区,临安
临水路114号,7567,0,临安区,临安
万隆公寓,7565,3,临安区,临安
临水公寓,7542,1,临安区,临安
纤维板厂宿舍,7537,3,临安区,临安
广苑小区,7536,2,临安区,临安
万马路19号,7523,2,临安区,临安
安阁弄59号,7490,1,临安区,临安
诚和公寓,7483,1,临安区,临安
钱王街1300,7475,0,临安区,临安
城中一苑,7453,5,临安区,临安
石镜街578号,7443,2,临安区,临安
农业局宿舍,7436,1,临安区,临安
天目家园,7402,7,临安区,临安
金家花园,7387,3,临安区,临安
国瑞花漫里,7382,76,临安区,临安
临天路1864号,7353,3,临安区,临安
供电所宿舍,7343,1,临安区,临安
江南路105号,7339,1,临安区,临安
平和家园南区,7330,0,临安区,临安
临天路八弄33号,7326,0,临安区,临安
锦城公寓,7300,2,临安区,临安
棋盘弄8号,7282,1,临安区,临安
华兴名盛苑,7238,8,临安区,临安
锦胜小区,7224,1,临安区,临安
百合苑,7220,2,临安区,临安
棋盘弄15号,7216,0,临安区,临安
石境街155-175号,7193,0,临安区,临安
外经委宿舍,7180,1,临安区,临安
柳溪湾,7143,0,临安区,临安
学溪苑,7103,1,临安区,临安
无线厂宿舍楼,7089,2,临安区,临安
棋盘弄11号,7075,1,临安区,临安
环宇小区,7039,1,临安区,临安
富康公寓,7022,1,临安区,临安
吴越街495号,7015,0,临安区,临安
医药公司宿舍,6954,1,临安区,临安
临水路,6926,2,临安区,临安
菜场弄,6890,1,临安区,临安
文澜苑,6847,4,临安区,临安
天江苑,6813,2,临安区,临安
食品宿舍,6769,0,临安区,临安
临天路2028号,6753,1,临安区,临安
景杉路610号,6744,2,临安区,临安
华能热电宿舍,6715,1,临安区,临安
天目路230-244,6695,1,临安区,临安
锦溪街127号,6693,0,临安区,临安
胜利苑,6654,0,临安区,临安
石镜街532-540号,6615,0,临安区,临安
临水路78-86号,6589,0,临安区,临安
临天路九弄49号,6575,1,临安区,临安
钱王街1255号,6545,1,临安区,临安
景杉路616号,6538,1,临安区,临安
景杉路528号,6509,1,临安区,临安
创世水岸银座,6466,1,临安区,临安
钱王街1545-1553号,6452,0,临安区,临安
恒锦苑,6409,4,临安区,临安
昌化人家,6183,1,临安区,临安
临天七弄,6160,2,临安区,临安
玲珑村,6101,2,临安区,临安
新城丽景,6091,0,临安区,临安
临安商城,6066,26,临安区,临安
挺进小区,6025,0,临安区,临安
天管局宿舍,6019,1,临安区,临安
临天路427号,5980,0,临安区,临安
大华路55号,5931,0,临安区,临安
勤俭弄,5926,2,临安区,临安
石镜街551号,5922,0,临安区,临安
玲珑嘉苑,5773,1,临安区,临安
天宇小区,5731,0,临安区,临安
龙锦苑,5697,4,临安区,临安
临天路1655号,5660,1,临安区,临安
於潜镇天元巷52号,5633,1,临安区,临安
北排街75-79号,5623,1,临安区,临安
华锦公寓,5556,1,临安区,临安
平和家园北区,5541,1,临安区,临安
白水涧山庄,5529,8,临安区,临安
水杉路41号,5503,1,临安区,临安
大华路18号,5465,0,临安区,临安
大华路,5286,1,临安区,临安
天苑小区,5133,1,临安区,临安
於潜镇潜阳路306号,5099,0,临安区,临安
潜阳路,5069,2,临安区,临安
灵溪村高湾,4837,1,临安区,临安
高虹街,4468,1,临安区,临安
青蓝雅苑,4093,1,临安区,临安
环城东路,4014,0,临安区,临安
曙光村,3959,2,临安区,临安
石镜街小区,暂无数据,0,临安区,临安
地上春天,暂无数据,0,临安区,临安
浅水湾庄园(城中街),暂无数据,0,临安区,临安
金基青云山居,暂无数据,12,临安区,临安
吉祥寺巷,暂无数据,0,临安区,临安
临天路1564号,暂无数据,0,临安区,临安
景杉路490号,暂无数据,0,临安区,临安
於潜镇樱花商业城,暂无数据,0,临安区,临安
钱王街425号,暂无数据,0,临安区,临安
石镜街526号,暂无数据,0,临安区,临安
桂花弄1号,暂无数据,0,临安区,临安
锦湖弄58号,暂无数据,0,临安区,临安
天平村,暂无数据,0,临安区,临安
畔湖路70-1号,暂无数据,0,临安区,临安
石镜街138号,暂无数据,0,临安区,临安
锦江路1406号,暂无数据,0,临安区,临安
临安农资大楼,暂无数据,0,临安区,临安
石镜街556号,暂无数据,0,临安区,临安
钱王大街1255-7号,暂无数据,0,临安区,临安
南苑小区粮机厂,暂无数据,0,临安区,临安
衣锦街545号,暂无数据,3,临安区,临安
计生宿舍,暂无数据,0,临安区,临安
钱王大街1405-327号,暂无数据,0,临安区,临安
大华路130号,暂无数据,0,临安区,临安
景杉路546号,暂无数据,0,临安区,临安
石镜街556号,暂无数据,0,临安区,临安
钱王大街1255-7号,暂无数据,0,临安区,临安
於潜镇樱花商业城,暂无数据,0,临安区,临安
钱王街1421/1423号,暂无数据,0,临安区,临安
临天路2065号,暂无数据,0,临安区,临安
棋盘弄23号,暂无数据,0,临安区,临安
西墅街429号,暂无数据,0,临安区,临安
功臣山小区,暂无数据,0,临安区,临安
交警队宿舍,暂无数据,0,临安区,临安
大华路118号,暂无数据,0,临安区,临安
大华路130号,暂无数据,0,临安区,临安
钱王大街1405-327号,暂无数据,0,临安区,临安
江桥二弄2,暂无数据,0,临安区,临安
钱王大街胜利巷,暂无数据,0,临安区,临安
苕溪南路10号,暂无数据,0,临安区,临安
膨润土矿宿舍,暂无数据,0,临安区,临安
公管所宿舍,暂无数据,0,临安区,临安
大气站宿舍,暂无数据,0,临安区,临安
兰锦路42-1号,暂无数据,0,临安区,临安
化建公司宿舍,暂无数据,0,临安区,临安
临水路149号,暂无数据,0,临安区,临安
棋盘弄42号,暂无数据,0,临安区,临安
临天路128号,暂无数据,0,临安区,临安
临水路197-3号,暂无数据,0,临安区,临安
银都公寓,暂无数据,0,临安区,临安
检察院宿舍,暂无数据,0,临安区,临安
衣锦街617号,暂无数据,0,临安区,临安
临天路九弄43号,暂无数据,0,临安区,临安
石镜街908号,暂无数据,0,临安区,临安
临安区新民街317号,暂无数据,0,临安区,临安
临天路2065号,暂无数据,0,临安区,临安
棋盘弄23号,暂无数据,0,临安区,临安
功臣山小区,暂无数据,0,临安区,临安
江桥二弄2,暂无数据,0,临安区,临安
交警队宿舍,暂无数据,0,临安区,临安
大华路118号,暂无数据,0,临安区,临安
苕溪南路10号,暂无数据,0,临安区,临安
钱王大街胜利巷,暂无数据,0,临安区,临安
锅炉厂宿舍,暂无数据,0,临安区,临安
畔湖路55/57号,暂无数据,0,临安区,临安
城中街139号,暂无数据,0,临安区,临安
临天八弄17号,暂无数据,0,临安区,临安
临天路254号,暂无数据,0,临安区,临安
临安农资大楼,暂无数据,0,临安区,临安
天平村,暂无数据,0,临安区,临安
桂花弄1号,暂无数据,0,临安区,临安
景杉路490号,暂无数据,0,临安区,临安
锦城镇商业城,暂无数据,0,临安区,临安
临天九弄41号,暂无数据,0,临安区,临安
锦江路,暂无数据,0,临安区,临安
钱王街601号,暂无数据,0,临安区,临安
苕溪南路2号,暂无数据,0,临安区,临安
锦城街道广场路1104-101,暂无数据,0,临安区,临安
锦溪街6号,暂无数据,0,临安区,临安
新民里,暂无数据,0,临安区,临安
临天路1582号,暂无数据,0,临安区,临安
锦城街道景杉路791号,暂无数据,0,临安区,临安
江南路38号,暂无数据,0,临安区,临安
西墅街,暂无数据,0,临安区,临安
功臣山路60号,暂无数据,0,临安区,临安
天马造纸宿舍,暂无数据,0,临安区,临安
兰锦路60号,暂无数据,0,临安区,临安
广场路(临安),暂无数据,0,临安区,临安
景杉路783号,暂无数据,0,临安区,临安
滨虹商务中心,暂无数据,0,临安区,临安
会馆弄9号,暂无数据,1,临安区,临安
江桥路417号,暂无数据,0,临安区,临安
棋盘弄,暂无数据,0,临安区,临安
钱王街1269号,暂无数据,0,临安区,临安
钱锦山庄,暂无数据,0,临安区,临安
畔湖路495号,暂无数据,0,临安区,临安
锦和家园,暂无数据,0,临安区,临安
城中街446号,暂无数据,0,临安区,临安
临天路1837号,暂无数据,0,临安区,临安
青山湖闲云居,暂无数据,1,临安区,临安
衣锦街428号,暂无数据,0,临安区,临安
临水路一弄18号,暂无数据,0,临安区,临安
临水路一弄11号,暂无数据,0,临安区,临安
临天路1578号,暂无数据,0,临安区,临安
临天八弄29号,暂无数据,0,临安区,临安
临天路1866号,暂无数据,0,临安区,临安
景杉路587号,暂无数据,0,临安区,临安
锦溪路76号,暂无数据,0,临安区,临安
钱王街741-765号,暂无数据,0,临安区,临安
南屏苑小区,暂无数据,0,临安区,临安
沙树路,暂无数据,0,临安区,临安
珺楠府,暂无数据,41,临安区,青山湖科技城
云安小镇,暂无数据,9,临安区,临安
临水路197-3号,暂无数据,0,临安区,临安
检察院宿舍,暂无数据,0,临安区,临安
衣锦街617号,暂无数据,0,临安区,临安
临天路九弄43号,暂无数据,0,临安区,临安
衣锦街545号,暂无数据,3,临安区,临安
供销社小区,暂无数据,0,临安区,临安
宝利·北秀苑,暂无数据,0,临安区,临安
小西门,暂无数据,0,临安区,临安
梅岭街33号,暂无数据,0,临安区,青山湖科技城
江南路2号,暂无数据,0,临安区,临安
白湖畈18号,暂无数据,0,临安区,临安
新民街124号,暂无数据,0,临安区,临安
天水巷5号,暂无数据,0,临安区,临安
棋盘弄17号,暂无数据,0,临安区,临安
长桥路65号,暂无数据,0,临安区,临安
临水路225号,暂无数据,0,临安区,临安
锦城街道临水路227号,暂无数据,0,临安区,临安
畔湖路121号,暂无数据,0,临安区,临安
锦湖弄,暂无数据,0,临安区,临安
临天路195号,暂无数据,0,临安区,临安
小西门16号,暂无数据,0,临安区,临安
临天路2200,暂无数据,0,临安区,临安
天工商贸大厦,暂无数据,0,临安区,临安
潜洲街103号,暂无数据,0,临安区,临安
安阁弄112号,暂无数据,0,临安区,临安
钱王街846号,暂无数据,0,临安区,临安
西墅街948号,暂无数据,0,临安区,临安
锦溪街137号,暂无数据,0,临安区,临安
临天路1580号,暂无数据,0,临安区,临安
天目管理局宿舍,暂无数据,0,临安区,临安
临水路225号,暂无数据,0,临安区,临安
临天路八弄51号,暂无数据,0,临安区,临安
沙树路19号,暂无数据,0,临安区,临安
棋盘弄17号,暂无数据,0,临安区,临安
太湖源镇金岫村,暂无数据,1,临安区,临安
潜阳路250号,暂无数据,0,临安区,临安
锦溪街137号,暂无数据,0,临安区,临安
梅岭街33号,暂无数据,0,临安区,青山湖科技城
新民街124号,暂无数据,0,临安区,临安
鑫盛忆家公寓,暂无数据,1,临安区,临安
广场路2号,暂无数据,0,临安区,临安
畔湖路119号,暂无数据,0,临安区,临安
畔湖路46号,暂无数据,0,临安区,临安
天目管理局宿舍,暂无数据,0,临安区,临安
兰锦路56号,暂无数据,0,临安区,临安
白湖畈18号,暂无数据,0,临安区,临安
临天路1580号,暂无数据,0,临安区,临安
钱王街1269号,暂无数据,0,临安区,临安
城中街446号,暂无数据,0,临安区,临安
畔湖路495号,暂无数据,0,临安区,临安
锦和家园,暂无数据,0,临安区,临安
佳源山湖印,暂无数据,0,临安区,临安
崇文路521号,暂无数据,0,临安区,青山湖科技城
回龙路213号,暂无数据,0,临安区,临安
功臣山路60号,暂无数据,0,临安区,临安
临天路1582号,暂无数据,0,临安区,临安
新民里,暂无数据,0,临安区,临安
临安九弄21号,暂无数据,0,临安区,临安
公交公司宿舍,暂无数据,0,临安区,临安
安阁弄112号,暂无数据,0,临安区,临安
锦城街道临水路227号,暂无数据,0,临安区,临安
西墅街948号,暂无数据,0,临安区,临安
江桥路162号,暂无数据,0,临安区,临安
棋盘弄,暂无数据,0,临安区,临安
文昌路36号,暂无数据,0,临安区,临安
浅隐云庐,暂无数据,0,临安区,临安
会馆弄9号,暂无数据,1,临安区,临安
经贸大厦(临安区),暂无数据,0,临安区,临安
滨虹商务中心,暂无数据,0,临安区,临安
湖语牧松,暂无数据,0,临安区,临安
云安小镇,暂无数据,9,临安区,临安
钱锦山庄,暂无数据,0,临安区,临安
钱王街741-765号,暂无数据,0,临安区,临安
南屏苑小区,暂无数据,0,临安区,临安
兰锦路60号,暂无数据,0,临安区,临安
江桥路417号,暂无数据,0,临安区,临安
广场路(临安),暂无数据,0,临安区,临安
景杉路783号,暂无数据,0,临安区,临安
锦溪路76号,暂无数据,0,临安区,临安
景杉路587号,暂无数据,0,临安区,临安
金岸大厦,暂无数据,1,临安区,临安
越秀星颂府,暂无数据,0,临安区,青山湖科技城
如沐清晖城,暂无数据,19,临安区,青山湖科技城
小区名称,均价,在售套数,所在区,所在街道
伊萨卡国际城排屋,56566,10,钱塘区,沿江北
保利鹭沙郡府,53847,24,钱塘区,沿江南
绿城春风金沙,42669,62,钱塘区,金沙湖
保利江语海,40777,114,钱塘区,高教园区东
和达御观邸,40067,46,钱塘区,金沙湖
坤和融创开元望金沙,37744,46,钱塘区,金沙湖
湖上春风里,37706,26,钱塘区,金沙湖
名城湖左岸,37180,60,钱塘区,金沙湖
龙湖滟澜山丽轩一期,35906,58,钱塘区,金沙湖
龙湖滟澜山澜轩,35842,83,钱塘区,金沙湖
绿城燕语春风居,35420,10,钱塘区,高教园区西
龙湖滟澜山茗轩南区三期,35358,44,钱塘区,金沙湖
德信中外公寓,35129,46,钱塘区,金沙湖
湖景居,35111,45,钱塘区,金沙湖
德信早城,34128,86,钱塘区,金沙湖
湖印光年府,33904,8,钱塘区,高教园区西
杭臻源,33564,7,钱塘区,金沙湖
听澜越府,33469,83,钱塘区,大学城北
杭望云潮城,33242,28,钱塘区,高教园区西
宝龙云滨湾,33119,51,钱塘区,高教园区东
广宇锦上文澜,32982,42,钱塘区,高教园区东
杭曜之城,32462,26,钱塘区,高教园区西
和达城,32326,94,钱塘区,高教园区西
宋都东郡国际朗湾,30882,55,钱塘区,大学城北
龙湖江与城江与珑府,30742,49,钱塘区,大江东
水云城,29763,50,钱塘区,大学城北
春咏风荷里,29763,12,钱塘区,工业园北
晓春城,29329,48,钱塘区,大学城北
桑达公寓,28833,6,钱塘区,高教园区东
阳光华城华翠园,28777,29,钱塘区,高教园区东
龙湖江与城江与东府,28296,35,钱塘区,大江东
上沙锦湖家园,28077,14,钱塘区,金沙湖
下沙铭都雅苑,27707,27,钱塘区,金沙湖
阳光华城华景园,27477,9,钱塘区,高教园区东
宋都东郡国际嘉湾,27362,90,钱塘区,大学城北
宋都晨光国际,27351,176,钱塘区,沿江南
金隅观澜时代天筑,26707,132,钱塘区,沿江南
金沙学府,26704,37,钱塘区,高教园区东
观澜时代云邸苑,26521,99,钱塘区,沿江南
新元金沙家园,26460,22,钱塘区,金沙湖
中沙东岸嘉园三区,26047,15,钱塘区,金沙湖
中沙东岸嘉园二区,25872,8,钱塘区,金沙湖
龙湖江与城江与锦城,25805,68,钱塘区,大江东
旭辉东湖城,25734,111,钱塘区,大江东
东海柠檬郡,25675,115,钱塘区,工业园南
东海未名园,25610,42,钱塘区,高教园区西
江山云樾南府,25555,36,钱塘区,大学城北
保利玫瑰之湾,25549,96,钱塘区,沿江南
盛泰名都公寓,25450,34,钱塘区,高教园区西
学林铭城,25231,5,钱塘区,金沙湖
华元云水苑,25202,25,钱塘区,高教园区东
世茂江滨花园碧景湾,25179,81,钱塘区,沿江南
观澜时代朗轩,25070,62,钱塘区,沿江南
金隅观澜时代瀚庭,25056,19,钱塘区,沿江南
佳源驭远玖墅,25008,17,钱塘区,大江东
景冉佳园,25001,79,钱塘区,高教园区东
精欧荣寓,24916,28,钱塘区,高教园区西
江山云樾西府,24731,8,钱塘区,大学城北
宋都东郡之星,24660,66,钱塘区,大学城北
丰隆百翘香江,24584,37,钱塘区,大学城北
月雅苑,24558,11,钱塘区,高教园区西
伊萨卡国际城鹭江园,24491,13,钱塘区,沿江北
下沙幸福雅苑,24390,15,钱塘区,金沙湖
德嘉金沙阳光,24209,43,钱塘区,金沙湖
朗诗国际街区,24150,124,钱塘区,沿江北
湖境观岚湾,24121,12,钱塘区,大江东
新沙家园,24063,13,钱塘区,金沙湖
保利城市果岭,23940,74,钱塘区,大学城北
江山云樾北府,23818,24,钱塘区,大学城北
香榭里花园,23751,30,钱塘区,高教园区西
宋都东郡国际锦湾,23706,49,钱塘区,大学城北
湾南德盛东苑,23561,20,钱塘区,工业园北
文苑风情,23476,52,钱塘区,高教园区西
中沙东岸嘉园一区,23379,4,钱塘区,金沙湖
智格新怡家园,23342,13,钱塘区,工业园南
杭州碧桂园,23338,109,钱塘区,大学城北
像之素公寓,23326,53,钱塘区,大学城北
保利东湾,23325,284,钱塘区,沿江南
融创城,23284,154,钱塘区,大江东
四季风景苑,23089,53,钱塘区,高教园区西
野风海天城,23052,163,钱塘区,沿江北
裕园公寓,23043,16,钱塘区,高教园区西
世茂江滨花园瑞景湾,22957,127,钱塘区,沿江南
铭和苑探梅坊,22764,17,钱塘区,金沙湖
德信大江源著,22650,40,钱塘区,大江东
铭和苑新荷坊,22491,22,钱塘区,金沙湖
头格江景家园一区,22481,18,钱塘区,九堡
东方水岚佳苑,22455,12,钱塘区,工业园北
伊萨卡国际城绮风园,22417,36,钱塘区,沿江北
文汇苑,22259,16,钱塘区,高教园区西
高沙百盛苑,22247,8,钱塘区,金沙湖
湖悦岚湾,22222,15,钱塘区,大江东
伊萨卡国际城浩泽园,22182,79,钱塘区,沿江北
世茂江滨花园峻景湾,22103,149,钱塘区,沿江南
龙润城,21919,119,钱塘区,大江东
元成东盛家园,21862,26,钱塘区,工业园北
头格江景家园二区,21733,23,钱塘区,九堡
七格幸福家园,21674,2,钱塘区,工业园南
龙湖滟澜星座,21619,20,钱塘区,金沙湖
福雷德广场,21609,32,钱塘区,高教园区西
梦琴湾,21415,96,钱塘区,沿江北
久映樾府,21355,0,钱塘区,大江东
铭和苑桂雨坊,21314,45,钱塘区,金沙湖
多蓝水岸听涛苑,21257,27,钱塘区,沿江北
枫漫小筑,21178,11,钱塘区,大江东
北银公寓,21041,31,钱塘区,高教园区西
华顺公寓,20881,0,钱塘区,高教园区西
阳光城兴耀花漾里,20868,19,钱塘区,大江东
金成潮塘轩,20793,16,钱塘区,大江东
多蓝水岸银沙苑,20784,30,钱塘区,沿江北
铭和苑柳翠坊,20664,25,钱塘区,金沙湖
多蓝水岸蓝波苑,20636,21,钱塘区,沿江北
金色和庄,20596,19,钱塘区,大江东
滨江新希望新城海名雅园,20325,153,钱塘区,大江东
兴耀岚漫之城,20269,15,钱塘区,大江东
宋都丽郡国际,20071,53,钱塘区,大江东
潮闻天下,19623,174,钱塘区,大江东
四季名门城市公寓,19263,11,钱塘区,高教园区西
多蓝水岸碧海苑,19243,44,钱塘区,沿江北
大业江东府,19121,16,钱塘区,大江东
清雅苑,18975,47,钱塘区,高教园区西
江东锦苑,18834,24,钱塘区,大江东
星央悦府,18401,67,钱塘区,大江东
广盛公寓,18260,3,钱塘区,大江东
至高钱塘一品,17827,33,钱塘区,大江东
翡玥府,17826,8,钱塘区,大江东
永宏叠家,17825,4,钱塘区,大江东
滨江华成大江之星,17731,36,钱塘区,大江东
德信大江壹号,17716,18,钱塘区,大江东
万固珺府,17669,67,钱塘区,大江东
琅琴湾,17609,59,钱塘区,大江东
大华潮悦前城,17456,85,钱塘区,大江东
春意江南名邸,17226,9,钱塘区,大江东
东原东傲城,16983,38,钱塘区,大江东
江东锦绣名座,16935,13,钱塘区,大江东
美郡园,16328,16,钱塘区,大江东
天元公寓,16195,41,钱塘区,工业园南
滨江春盛大江名筑,16164,13,钱塘区,大江东
阳光名城,16087,45,钱塘区,大江东
华克公寓,15980,5,钱塘区,大江东
御东湾,15838,27,钱塘区,大江东
杭房悦东方,15464,170,钱塘区,大江东
义蓬中路,15286,1,钱塘区,大江东
宋都新宸悦府,15102,42,钱塘区,大江东
钱民花苑,14942,3,钱塘区,大江东
德意义和苑,14921,21,钱塘区,大江东
东江公寓,14803,3,钱塘区,大江东
帝凯帝景园,14687,41,钱塘区,大江东
义盛路178号,14670,1,钱塘区,大江东
金逸雅苑,14525,8,钱塘区,大江东
九城渔人码头,14417,15,钱塘区,大江东
万泰华庭,14398,20,钱塘区,大江东
义蓬名苑,14103,3,钱塘区,大江东
诚意公寓,14094,3,钱塘区,大江东
华彩名府,14081,4,钱塘区,大江东
云上学府,14064,1,钱塘区,大江东
紫瑞华庭,13869,5,钱塘区,大江东
如意公寓,13632,18,钱塘区,大江东
继来路,13621,0,钱塘区,大江东
明意公寓,13498,12,钱塘区,大江东
江盛江南岸,13379,6,钱塘区,大江东
三迪枫丹雅居,13242,20,钱塘区,大江东
天府小区,13172,2,钱塘区,大江东
水畔华庭,13127,1,钱塘区,大江东
宏河嘉园,12980,34,钱塘区,大江东
润东府,12827,39,钱塘区,大江东
蓝色港湾,12611,34,钱塘区,大江东
云上澜苑,12561,7,钱塘区,大江东
盛都苑,12315,19,钱塘区,大江东
南沙新苑,12232,5,钱塘区,大江东
兴隆路,12198,1,钱塘区,大江东
文和公寓,12072,2,钱塘区,大江东
景悦家苑,12010,5,钱塘区,大江东
潮听名苑,11894,0,钱塘区,大江东
世茂江滨商业中心,11731,99,钱塘区,沿江南
前乐佳苑,11731,2,钱塘区,大江东
宝庄公寓,11438,1,钱塘区,大江东
闸口路,11282,10,钱塘区,大江东
临江佳苑,11186,32,钱塘区,大江东
塘珑华庭,11123,1,钱塘区,大江东
前新福苑,10953,10,钱塘区,大江东
富盛公寓,10734,1,钱塘区,大江东
保利湾天地二期,10714,44,钱塘区,沿江南
新湾商贸城,10671,3,钱塘区,大江东
致远路,10620,3,钱塘区,大江东
宏景园,10551,4,钱塘区,大江东
邮电路,10271,2,钱塘区,大江东
临江时代花苑,10214,20,钱塘区,大江东
金凌花园,10126,20,钱塘区,大江东
新湾商贸中心,9939,2,钱塘区,大江东
旭东景苑,9922,0,钱塘区,大江东
东裕华庭,9918,142,钱塘区,大江东
福雷德广场艾肯金座,9733,20,钱塘区,高教园区西
江东壹号,9266,10,钱塘区,大江东
2号大街1035号,暂无数据,0,钱塘区,高教园区西
瓯江大厦,暂无数据,7,钱塘区,高教园区西
天街,暂无数据,0,钱塘区,金沙湖
锦阳人力,暂无数据,0,钱塘区,工业园北
金隅空港公馆,暂无数据,49,钱塘区,沿江南
北苑大厦,暂无数据,0,钱塘区,金沙湖
东部之星,暂无数据,0,钱塘区,高教园区西
金蜂小区,暂无数据,0,钱塘区,大江东
松合时代商城,暂无数据,0,钱塘区,金沙湖
八堡家园,暂无数据,0,钱塘区,九堡
郡原公元时代,暂无数据,0,钱塘区,金沙湖
蓝湖国际6幢,暂无数据,1,钱塘区,金沙湖
春益小区,暂无数据,0,钱塘区,大江东
新加坡科技园,暂无数据,0,钱塘区,高教园区东
盛泰名都中心,暂无数据,17,钱塘区,高教园区西
东沙铭城,暂无数据,0,钱塘区,金沙湖
和达自由港,暂无数据,7,钱塘区,工业园南
星星港湾J组团,暂无数据,0,钱塘区,高教园区西
和达东东城,暂无数据,6,钱塘区,沿江北
阳光创富中心,暂无数据,0,钱塘区,高教园区东
金沙世纪大厦,暂无数据,0,钱塘区,金沙湖
杭州东部国际商务中心,暂无数据,13,钱塘区,金沙湖
金隅空港公馆,暂无数据,49,钱塘区,沿江南
康莱特公寓,暂无数据,0,钱塘区,高教园区西
杭州恒创公寓,暂无数据,0,钱塘区,工业园北
河中路588,暂无数据,0,钱塘区,大江东
北苑大厦,暂无数据,0,钱塘区,金沙湖
居艺空间,暂无数据,0,钱塘区,九堡
上沙永裕大厦,暂无数据,0,钱塘区,金沙湖
高沙公寓,暂无数据,0,钱塘区,金沙湖
星野花苑四区,暂无数据,0,钱塘区,工业园北
新雁公寓,暂无数据,0,钱塘区,沿江北
智格新城大厦,暂无数据,0,钱塘区,工业园南
松合幸福里,暂无数据,0,钱塘区,金沙湖
朗湾宋都橄榄墅,暂无数据,0,钱塘区,大学城北
新元社区,暂无数据,0,钱塘区,金沙湖
金湾创业大厦,暂无数据,0,钱塘区,工业园北
高沙文盛公寓,暂无数据,0,钱塘区,金沙湖
吾角商业中心,暂无数据,13,钱塘区,金沙湖
文渊大厦,暂无数据,0,钱塘区,金沙湖
丽泽苑,暂无数据,0,钱塘区,高教园区东
居艺空间,暂无数据,0,钱塘区,九堡
锦阳人力,暂无数据,0,钱塘区,工业园北
杭州恒创公寓,暂无数据,0,钱塘区,工业园北
河中路588,暂无数据,0,钱塘区,大江东
北苑大厦,暂无数据,0,钱塘区,金沙湖
高沙文盛公寓,暂无数据,0,钱塘区,金沙湖
星野花苑四区,暂无数据,0,钱塘区,工业园北
金湾创业大厦,暂无数据,0,钱塘区,工业园北
群桥人力公寓,暂无数据,0,钱塘区,工业园南
吾角商业中心,暂无数据,13,钱塘区,金沙湖
文渊大厦,暂无数据,0,钱塘区,金沙湖
华顺别墅,暂无数据,0,钱塘区,高教园区西
下沙社区创意大厦,暂无数据,0,钱塘区,金沙湖
丽泽苑,暂无数据,0,钱塘区,高教园区东
汇澜公寓,暂无数据,0,钱塘区,大学城北
头格月雅城,暂无数据,0,钱塘区,九堡
新雁公寓,暂无数据,0,钱塘区,沿江北
上沙永裕大厦,暂无数据,0,钱塘区,金沙湖
郡原蓝湖国际,暂无数据,0,钱塘区,金沙湖
泰美国际大厦,暂无数据,35,钱塘区,金沙湖
元成时代中心,暂无数据,24,钱塘区,工业园北
新元社区,暂无数据,0,钱塘区,金沙湖
金鹭八号桥小区,暂无数据,0,钱塘区,工业园北
高沙公寓,暂无数据,0,钱塘区,金沙湖
智格新城大厦,暂无数据,0,钱塘区,工业园南
松合幸福里,暂无数据,0,钱塘区,金沙湖
青西铭府,暂无数据,0,钱塘区,大江东
向涛名苑,暂无数据,0,钱塘区,大江东
临江商贸城,暂无数据,2,钱塘区,大江东
云帆未来社区,暂无数据,0,钱塘区,大江东
江海时代花园,暂无数据,0,钱塘区,大江东
三迪雅颂美筑,暂无数据,0,钱塘区,大江东
青六商务大厦,暂无数据,7,钱塘区,大江东
盈都君悦,暂无数据,0,钱塘区,海宁
和达湖畔中心,暂无数据,5,钱塘区,金沙湖
新加坡科技园,暂无数据,0,钱塘区,高教园区东
河中路,暂无数据,0,钱塘区,大江东
华鸿东潮云庭,暂无数据,0,钱塘区,大江东
义府大街,暂无数据,0,钱塘区,大江东
滨江湖映里,暂无数据,0,钱塘区,大江东
英冠天地,暂无数据,2,钱塘区,大江东
商贸公寓,暂无数据,0,钱塘区,大江东
迎宾路12号,暂无数据,0,钱塘区,大江东
镇南公寓,暂无数据,0,钱塘区,大江东
绿城财通中心,暂无数据,24,钱塘区,金沙湖
中豪七格,暂无数据,20,钱塘区,工业园南
金沙湖1号,暂无数据,49,钱塘区,金沙湖
宝龙城市广场,暂无数据,77,钱塘区,高教园区东
东方铭楼,暂无数据,32,钱塘区,金沙湖
东哲钱塘滙,暂无数据,2,钱塘区,大江东
西子阳光星城,暂无数据,1,钱塘区,高教园区西
保利湾天地,暂无数据,43,钱塘区,沿江南
四季广场,暂无数据,23,钱塘区,金沙湖
小区名称,均价,在售套数,所在区,所在街道
唐郡,62157,1,桐庐,桐庐
云山九里,40492,14,桐庐,桐庐
建发天悦云庐,35264,5,桐庐,桐庐
大奇山庄,32130,2,桐庐,桐庐
富春望,31060,11,桐庐,桐庐
大奇庄园,30891,3,桐庐,桐庐
富春峰景,29044,39,桐庐,桐庐
智和苑,25939,4,桐庐,桐庐
江南壹号院,25669,6,桐庐,桐庐
天阳云栖梅林,25607,48,桐庐,桐庐
颐居养生小镇,24255,9,桐庐,桐庐
大奇山郡,24036,19,桐庐,桐庐
紫阳园,23577,6,桐庐,桐庐
一品江山,23193,33,桐庐,桐庐
嘉品美寓,21839,8,桐庐,桐庐
江城墅园,21659,9,桐庐,桐庐
揽景园,21207,3,桐庐,桐庐
碧桂园十里春风,20847,38,桐庐,桐庐
华鸿中南壹号院,20361,29,桐庐,桐庐
天悦,20028,67,桐庐,桐庐
凯全紫郡花苑,19735,19,桐庐,桐庐
圆尊府,19688,14,桐庐,桐庐
山水圣邸,19559,21,桐庐,桐庐
上尚府,19490,29,桐庐,桐庐
桐城府,19306,21,桐庐,桐庐
金地风华东方,19193,18,桐庐,桐庐
红楼国际花园,19169,4,桐庐,桐庐
宋都如意云庐,19053,12,桐庐,桐庐
大奇山居南香苑,18940,4,桐庐,桐庐
滨江1号公馆,18872,19,桐庐,桐庐
瑶琳路796号,18534,1,桐庐,桐庐
大奇山居层林园,17782,5,桐庐,桐庐
中通蓝城,17748,6,桐庐,桐庐
鑫龙御溪名都,17746,15,桐庐,桐庐
桐韵家园,17494,4,桐庐,桐庐
美伦美郡,17307,44,桐庐,桐庐
上林阳光,17192,1,桐庐,桐庐
德信赋富春云庄,17133,19,桐庐,桐庐
江南人家,17107,4,桐庐,桐庐
奥城望,17012,26,桐庐,桐庐
富春居,16951,1,桐庐,桐庐
美丽春天府,16864,32,桐庐,桐庐
励骏置地广场,16631,5,桐庐,桐庐
中通家园,16528,11,桐庐,桐庐
天阳众安·云栖奇岭,16330,5,桐庐,桐庐
水岸华庭,16271,12,桐庐,桐庐
大奇山居大奇园,16144,3,桐庐,桐庐
桐庐恒大观澜府,16082,45,桐庐,桐庐
咏宸府,15993,4,桐庐,桐庐
绿城桂花园,15773,57,桐庐,桐庐
金色春江,15565,29,桐庐,桐庐
励骏花园,15555,22,桐庐,桐庐
蓝色春江,15465,14,桐庐,桐庐
云都凤凰城,15397,40,桐庐,桐庐
浙富亲亲园,15088,26,桐庐,桐庐
桐庐碧桂园,15021,40,桐庐,桐庐
熙园,15019,0,桐庐,桐庐
新天地单身公寓,14864,15,桐庐,桐庐
丰汇公寓,14520,0,桐庐,桐庐
金马高悦府,14476,57,桐庐,桐庐
尚洋雅苑,14223,20,桐庐,桐庐
美凯国际寓所,14218,40,桐庐,桐庐
金久城市花园,14140,31,桐庐,桐庐
家和园,14101,10,桐庐,桐庐
东兴家园,14090,4,桐庐,桐庐
兴丰白云公寓,13888,1,桐庐,桐庐
海陆世贸寓所,13796,21,桐庐,桐庐
富春花园,13773,6,桐庐,桐庐
新天地花园,13707,36,桐庐,桐庐
香樟花园,13704,11,桐庐,桐庐
大奇山花苑,13598,3,桐庐,桐庐
阳光华庭东区,13544,22,桐庐,桐庐
上林春天,13537,19,桐庐,桐庐
大庄苑,13406,15,桐庐,桐庐
金鼎学府,13295,3,桐庐,桐庐
下轮公寓,13292,13,桐庐,桐庐
滨江大联小区,13276,11,桐庐,桐庐
中迪三水花园,13189,10,桐庐,桐庐
聆江景园,13114,30,桐庐,桐庐
荇塘新村,13091,14,桐庐,桐庐
佳思苑,13089,1,桐庐,桐庐
金湖小区,13035,3,桐庐,桐庐
桐君苑,12976,4,桐庐,桐庐
飘鹰富春江花苑,12976,68,桐庐,桐庐
玉兰花园,12963,13,桐庐,桐庐
阳光景园,12938,2,桐庐,桐庐
芝溪垅小区,12899,13,桐庐,桐庐
瑶琳嘉苑,12865,4,桐庐,桐庐
滨江中杭小区,12863,5,桐庐,桐庐
滨江上杭小区,12841,9,桐庐,桐庐
滩头·富春景苑,12840,16,桐庐,桐庐
红楼之星,12609,18,桐庐,桐庐
绿都文昌苑,12496,8,桐庐,桐庐
金竹新城,12479,15,桐庐,桐庐
鑫龙桂花苑,12339,5,桐庐,桐庐
世纪花城,12327,84,桐庐,桐庐
林家新区,12316,0,桐庐,桐庐
家景星城,12153,58,桐庐,桐庐
中侨公寓,12152,3,桐庐,桐庐
建行宿舍小区,12094,1,桐庐,桐庐
申基金色蓝庭,11980,20,桐庐,桐庐
广业影城嘉园,11779,19,桐庐,桐庐
春江花园,11778,18,桐庐,桐庐
同方春江燕语,11773,25,桐庐,桐庐
工商小区,11703,1,桐庐,桐庐
悦城·春江美庐,11598,39,桐庐,桐庐
金都花园,11595,2,桐庐,桐庐
城中小区,11579,6,桐庐,桐庐
子陵新村,11569,3,桐庐,桐庐
美庐新城,11545,25,桐庐,桐庐
迎春小区,11534,2,桐庐,桐庐
时代广场(桐庐),11484,1,桐庐,桐庐
瑶琳小区,11459,3,桐庐,桐庐
桐庐金色港湾度假村,11400,8,桐庐,桐庐
龙潭小区,11398,12,桐庐,桐庐
富春华庭,11396,3,桐庐,桐庐
江山御墅,11378,11,桐庐,桐庐
迎春社区,11375,2,桐庐,桐庐
洋塘路166号,11293,6,桐庐,桐庐
城中路,11265,2,桐庐,桐庐
品庐东岸,11241,30,桐庐,桐庐
米兰商厦,11229,2,桐庐,桐庐
江南苑,11211,6,桐庐,桐庐
春江景苑龙祥园,11205,7,桐庐,桐庐
春江景苑龙腾园,11179,49,桐庐,桐庐
秀水公寓,11178,8,桐庐,桐庐
锦江公寓,11149,5,桐庐,桐庐
富春楼,11007,0,桐庐,桐庐
三联家和苑,11007,1,桐庐,桐庐
石马小区,10994,25,桐庐,桐庐
格林花园,10977,13,桐庐,桐庐
乔林新城,10961,12,桐庐,桐庐
富欧罗兰公寓,10939,18,桐庐,桐庐
体育场路,10912,0,桐庐,桐庐
富春路,10891,11,桐庐,桐庐
春江路668号,10891,1,桐庐,桐庐
梅溪公寓,10885,2,桐庐,桐庐
嘉南公寓,10834,6,桐庐,桐庐
梅苑,10748,24,桐庐,桐庐
永泰公寓,10745,0,桐庐,桐庐
城东弄,10735,1,桐庐,桐庐
南洋新村,10712,6,桐庐,桐庐
滨江柴埠小区一区,10674,9,桐庐,桐庐
滨江花园,10661,37,桐庐,桐庐
南苑新居,10648,0,桐庐,桐庐
东门首府,10646,3,桐庐,桐庐
迎春路43号弄,10620,3,桐庐,桐庐
金马新苑,10605,4,桐庐,桐庐
盛泰广宇公寓,10597,3,桐庐,桐庐
国贸公寓,10502,3,桐庐,桐庐
文苑,10451,3,桐庐,桐庐
迎春路19号,10432,0,桐庐,桐庐
梧桐望江花园,10417,2,桐庐,桐庐
城市蓝湾,10373,3,桐庐,桐庐
阳光公寓,10356,4,桐庐,桐庐
春江山居,10342,45,桐庐,桐庐
开元街,10332,19,桐庐,桐庐
迎春公寓,10316,7,桐庐,桐庐
桐江花园,10273,9,桐庐,桐庐
迎春路92号,10205,2,桐庐,桐庐
梧桐公寓,10188,11,桐庐,桐庐
绿尚春江城堡,10179,4,桐庐,桐庐
江南新村,10177,4,桐庐,桐庐
金龙花园,10159,35,桐庐,桐庐
三和公寓,10085,2,桐庐,桐庐
金琳公寓,10044,1,桐庐,桐庐
国贸路,10028,4,桐庐,桐庐
文辉商住楼,9983,2,桐庐,桐庐
山水半岛,9889,21,桐庐,桐庐
桐君路99号,9776,1,桐庐,桐庐
春江路,9695,8,桐庐,桐庐
大奇山路358号,9669,1,桐庐,桐庐
滨江柴埠小区二区,9551,8,桐庐,桐庐
三清绣苑,9521,8,桐庐,桐庐
学田路,9507,3,桐庐,桐庐
富电花苑,9445,4,桐庐,桐庐
康乐区,9429,38,桐庐,桐庐
山水公寓,9423,6,桐庐,桐庐
临江公寓,9419,5,桐庐,桐庐
南都商居,9300,2,桐庐,桐庐
惠民小区,9185,1,桐庐,桐庐
迎春路,9070,9,桐庐,桐庐
学田路90号,9046,2,桐庐,桐庐
萧宏普罗旺斯,9018,48,桐庐,桐庐
瑶琳路,8986,0,桐庐,桐庐
华光公寓,8970,1,桐庐,桐庐
鑫龙公寓,8908,6,桐庐,桐庐
江南小区,8788,4,桐庐,桐庐
君奇商住楼,8776,2,桐庐,桐庐
陆家塆,8703,8,桐庐,桐庐
浮桥埠小区,8666,13,桐庐,桐庐
塔坞路26号,8628,2,桐庐,桐庐
荣正财富广场,8626,4,桐庐,桐庐
小岭路105号,8602,1,桐庐,桐庐
富春路414号,8594,1,桐庐,桐庐
圆通公寓,8537,4,桐庐,桐庐
春江路1038号,8523,2,桐庐,桐庐
供电小区,8513,2,桐庐,桐庐
君政弄1号,8508,1,桐庐,桐庐
浅山明月府,8461,18,桐庐,桐庐
桐君路,8446,9,桐庐,桐庐
鑫龙综合楼,8441,2,桐庐,桐庐
桐庐县凤川街道谷井路16号,8441,0,桐庐,桐庐
春江路932号,8422,3,桐庐,桐庐
迎春街20号,8385,0,桐庐,桐庐
柯家塆山庄,8336,2,桐庐,桐庐
移民小区,8293,2,桐庐,桐庐
宇洋观山樾,8276,2,桐庐,桐庐
桐君广场,8225,6,桐庐,桐庐
新世纪商住楼,8184,2,桐庐,桐庐
富春路553号,8168,1,桐庐,桐庐
大洋豪庭,8150,0,桐庐,桐庐
迎宾路,8108,10,桐庐,桐庐
迎宾路39号,8095,1,桐庐,桐庐
塔坞山10号,8088,1,桐庐,桐庐
悦城·燕庐,8088,57,桐庐,桐庐
鑫鑫小区,8033,17,桐庐,桐庐
中杭路135号,8019,2,桐庐,桐庐
广场路,8007,4,桐庐,桐庐
对门山,7999,2,桐庐,桐庐
江南名都,7969,9,桐庐,桐庐
江城小楼,7937,1,桐庐,桐庐
洋塘小区,7886,16,桐庐,桐庐
塔坞路24号,7859,1,桐庐,桐庐
玉翰江南金座,7807,13,桐庐,桐庐
公园山路,7798,12,桐庐,桐庐
小岭路,7770,15,桐庐,桐庐
交通小区,7757,2,桐庐,桐庐
大洋文景公寓,7748,0,桐庐,桐庐
杨梅山一弄,7662,10,桐庐,桐庐
柯家塆小区,7638,9,桐庐,桐庐
塔坞路41号,7611,3,桐庐,桐庐
对门山四弄16号,7594,4,桐庐,桐庐
圆通路,7474,10,桐庐,桐庐
小岭路170号,7429,0,桐庐,桐庐
汇金江南府,7420,35,桐庐,桐庐
清江花苑,7403,0,桐庐,桐庐
水岸瑶琳,7359,17,桐庐,桐庐
安居苑,7304,3,桐庐,桐庐
弘涵望江月,7222,0,桐庐,桐庐
江南名苑,7216,20,桐庐,桐庐
江南绿园,7153,19,桐庐,桐庐
窄溪新苑B区,7068,5,桐庐,桐庐
金色华庭,7067,0,桐庐,桐庐
圆通路21号,6930,2,桐庐,桐庐
君豪御园,6901,92,桐庐,桐庐
劳动路,6877,3,桐庐,桐庐
美庐花园,6859,13,桐庐,桐庐
广电小区,6780,3,桐庐,桐庐
悦江府,6778,21,桐庐,桐庐
城东家苑,6748,1,桐庐,桐庐
中兴近江家园,6641,5,桐庐,桐庐
丽景聚龙湾,6585,1,桐庐,桐庐
迎春路15-1号,6544,1,桐庐,桐庐
恒辉金色桃园,6468,6,桐庐,桐庐
金色富都,6439,5,桐庐,桐庐
妙笔文苑,6432,1,桐庐,桐庐
窄溪新苑A区,6406,7,桐庐,桐庐
富春路563号,6404,1,桐庐,桐庐
富安嘉苑,6364,0,桐庐,桐庐
富润家园,6340,6,桐庐,桐庐
陈庄新苑北区,6331,3,桐庐,桐庐
垂云路,6322,0,桐庐,桐庐
中大锦绣年华,6301,1,桐庐,桐庐
塔坞路,6289,1,桐庐,桐庐
锦绣江南,6247,3,桐庐,桐庐
中大景秀广场,6152,1,桐庐,桐庐
宇洋花苑,6093,6,桐庐,桐庐
洋塘路67号,6093,1,桐庐,桐庐
云溪别院,6028,2,桐庐,桐庐
江南嘉园,5993,15,桐庐,桐庐
建设小区,5982,1,桐庐,桐庐
陈庄新苑南区,5966,2,桐庐,桐庐
钓台家苑,5930,0,桐庐,桐庐
桐庐祥和人家,5905,8,桐庐,桐庐
家兴景苑,5806,1,桐庐,桐庐
中兴景秀公寓,5767,0,桐庐,桐庐
圆通路17号,5655,1,桐庐,桐庐
景秀嘉苑,5539,3,桐庐,桐庐
怡景嘉苑,5094,3,桐庐,桐庐
临嘉公寓,4944,2,桐庐,桐庐
春江左岸,4826,3,桐庐,桐庐
中大公寓,4771,0,桐庐,桐庐
金水湾茗苑,4720,4,桐庐,桐庐
广晟祥和家园,4623,0,桐庐,桐庐
徐家埠公寓,4448,2,桐庐,桐庐
锦华路359号,3903,0,桐庐,桐庐
黄坡岭,3802,1,桐庐,桐庐
毓秀公馆,暂无数据,0,桐庐,桐庐
中冠名城,暂无数据,0,桐庐,桐庐
国际金都,暂无数据,0,桐庐,桐庐
莪山大院,暂无数据,2,桐庐,桐庐
清水湾,暂无数据,0,桐庐,桐庐
桐庐海陆世贸大厦,暂无数据,11,桐庐,桐庐
陆家湾48号,暂无数据,0,桐庐,桐庐
富春路480-201号,暂无数据,0,桐庐,桐庐
富春路20号,暂无数据,0,桐庐,桐庐
洋塘路55号,暂无数据,0,桐庐,桐庐
绿洲云溪楼,暂无数据,3,桐庐,桐庐
浙富大厦,暂无数据,1,桐庐,桐庐
汇丰大厦,暂无数据,1,桐庐,桐庐
大洋坪,暂无数据,0,桐庐,桐庐
慧园,暂无数据,4,桐庐,桐庐
三元公寓,暂无数据,0,桐庐,桐庐
锦华嘉苑,暂无数据,0,桐庐,桐庐
锦华公寓,暂无数据,0,桐庐,桐庐
文景公寓东区,暂无数据,0,桐庐,桐庐
学田路29号,暂无数据,0,桐庐,桐庐
中大公寓南区,暂无数据,0,桐庐,桐庐
洋塘路198号,暂无数据,0,桐庐,桐庐
之江明月,暂无数据,0,桐庐,桐庐
兴洋路79号,暂无数据,0,桐庐,桐庐
富春江芦茨壹号度假公寓,暂无数据,0,桐庐,桐庐
潇洒铭寓,暂无数据,6,桐庐,桐庐
丽锦公寓,暂无数据,0,桐庐,桐庐
迎春路15号,暂无数据,0,桐庐,桐庐
学田路53号,暂无数据,0,桐庐,桐庐
力雅广场,暂无数据,14,桐庐,桐庐
富春路480-201号,暂无数据,0,桐庐,桐庐
春江路1040号,暂无数据,0,桐庐,桐庐
绿洲云溪楼,暂无数据,3,桐庐,桐庐
梧桐凤栖商务楼,暂无数据,0,桐庐,桐庐
东门雅苑东区,暂无数据,0,桐庐,桐庐
新青年广场,暂无数据,3,桐庐,桐庐
陆家湾48号,暂无数据,0,桐庐,桐庐
洋塘路55号,暂无数据,0,桐庐,桐庐
富春路20号,暂无数据,0,桐庐,桐庐
体育场路47号,暂无数据,0,桐庐,桐庐
东方君兰中心,暂无数据,11,桐庐,桐庐
大洋坪,暂无数据,0,桐庐,桐庐
文景公寓东区,暂无数据,0,桐庐,桐庐
学田路29号,暂无数据,0,桐庐,桐庐
龙潭渡·云湖湾,暂无数据,0,桐庐,桐庐
之江明月,暂无数据,0,桐庐,桐庐
华光大厦,暂无数据,0,桐庐,桐庐
迎春路64号,暂无数据,0,桐庐,桐庐
建达商厦,暂无数据,1,桐庐,桐庐
富春江芦茨壹号度假公寓,暂无数据,0,桐庐,桐庐
浙富大厦,暂无数据,1,桐庐,桐庐
汇丰大厦,暂无数据,1,桐庐,桐庐
学田路53号,暂无数据,0,桐庐,桐庐
小岭路78号,暂无数据,0,桐庐,桐庐
力雅广场,暂无数据,14,桐庐,桐庐
绿城玫瑰园,暂无数据,1,桐庐,桐庐
富春路507号,暂无数据,0,桐庐,桐庐
桐庐之心,暂无数据,11,桐庐,桐庐
玲珑郡,暂无数据,27,桐庐,桐庐
桐庐光典大厦,暂无数据,4,桐庐,桐庐
中房大厦,暂无数据,29,桐庐,桐庐
小区名称,均价,在售套数,所在区,所在街道
德信大家运河云庄南区,103250,5,余杭,万达广场
郡西别墅,101741,4,余杭,良渚
溪上玫瑰园,88309,13,余杭,翡翠城
绿城桃源小镇观翠苑,87046,10,余杭,小和山
西溪玫瑰,79015,30,余杭,西溪
晓月澄庐,76851,15,余杭,未来科技城
大华西溪风情,74609,116,余杭,西溪
十里风荷,74188,37,余杭,中泰
华门清水湾,73204,5,余杭,中泰
湖境云庐,72570,42,余杭,未来科技城
郡西云台,72297,15,余杭,良渚
泰禾杭州院子,72260,72,余杭,西溪
富力西溪悦墅,71220,27,余杭,未来科技城
镜栖绿汀里,70443,22,余杭,未来科技城
青枫墅园二期-鹭语阁排屋,63346,24,余杭,未来科技城
白云深处,62509,45,余杭,未来科技城
众安溪园,60996,15,余杭,闲林
绿城桃花源,60281,52,余杭,中泰
香港兴业耦园,58177,43,余杭,西溪
香格里拉别墅,57819,55,余杭,瓶窑
绿城西溪融庄,56882,37,余杭,西溪
东原印未来,56561,74,余杭,未来科技城
华立江南水乡,56048,35,余杭,翡翠城
径山园,55934,8,余杭,未来科技城
佳源西溪印象,54865,9,余杭,西溪
西溪名园,54743,10,余杭,西溪
溪望尚庭,53948,74,余杭,未来科技城
万科天空之城,53066,118,余杭,未来科技城
新明半岛涵碧园,51784,7,余杭,中泰
景瑞原墅,51019,16,余杭,未来科技城
绿城交投汀岸晓庐,50776,35,余杭,未来科技城
映月台,50737,138,余杭,未来科技城
风昀铭苑,50454,50,余杭,未来科技城
西溪山庄麓云苑,49857,36,余杭,小和山
观璟庭,49633,48,余杭,未来科技城
大华西溪风情澄品,49560,70,余杭,西溪
中交悦西溪,49289,24,余杭,西溪
万科星空,49232,28,余杭,未来科技城
滨江西溪之星,48882,73,余杭,西溪
紫樾府,48713,76,余杭,未来科技城
荀庄,48384,36,余杭,瓶窑
香洲里,48173,22,余杭,西溪
新城西溪逸境,47949,38,余杭,未来科技城
阳光城未来悦MAX,47911,117,余杭,未来科技城
华夏四季,47772,148,余杭,未来科技城
众安蒲荷芸邸,47418,57,余杭,未来科技城
翡翠城三期,46697,137,余杭,翡翠城
德信大家运河云庄北区,45949,39,余杭,勾庄
绿城和庐,45845,54,余杭,小和山
云山秀水,45755,12,余杭,小和山
竹径云山,44909,19,余杭,良渚
杭珹未来中心,44676,70,余杭,闲林
朗诗美丽洲,44561,7,余杭,良渚
时代天元城,44278,78,余杭,未来科技城
枫翠云轩,44093,43,余杭,未来科技城
富力十号一期,43717,69,余杭,未来科技城
昆仑府,43485,35,余杭,西溪
枫岭云湾,43474,15,余杭,未来科技城
新湖菲林,43233,126,余杭,未来科技城
北大资源未名府,43210,104,余杭,未来科技城
瑞城花园,43145,20,余杭,未来科技城
融创溪涧堂,42849,30,余杭,翡翠城
竹径云山二期,42840,26,余杭,良渚
百家乐西园,42224,71,余杭,西溪
香悦四季轩,42005,45,余杭,未来科技城
富力十号院,41974,45,余杭,未来科技城
西溪盛悦居,41854,72,余杭,未来科技城
杭与城,41577,206,余杭,未来科技城
万科良渚文化村堂前,41549,7,余杭,良渚
三盛颐景御园,41549,22,余杭,良渚
欧美金融城,41215,290,余杭,未来科技城
富力西溪悦居,40835,89,余杭,未来科技城
金成汀云上府,40820,39,余杭,未来科技城
良渚文化村阳光天际,40623,50,余杭,良渚
良渚文化村竹径茶语,40602,25,余杭,良渚
绿野御墅,40428,10,余杭,小和山
联发藏珑大境,39987,84,余杭,良渚
山语凤鸣府,39445,60,余杭,老余杭
翡翠城四期,39398,173,余杭,翡翠城
富力新线公园,39264,46,余杭,未来科技城
西溪望庄,38934,28,余杭,西溪
杭州富力中心,38916,140,余杭,未来科技城
烟雨颐和江南府,38757,75,余杭,良渚
乐淘城,38566,26,余杭,未来科技城
诗方轩二期,37785,40,余杭,勾庄
滨江旭辉万家之星,37620,36,余杭,勾庄
海兴雅苑,37425,40,余杭,未来科技城
华元玉榕庄,37377,46,余杭,未来科技城
西溪君庐,37181,26,余杭,西溪
万科杭宸一期,37048,55,余杭,勾庄
滨江万家名城二期,37020,70,余杭,万达广场
华元美林公馆,36999,44,余杭,西溪
城北万象城幸福里,36977,123,余杭,勾庄
远洋西溪公馆,36890,140,余杭,西溪
西溪永乐城,36708,46,余杭,未来科技城
西溪蓝海,36515,59,余杭,未来科技城
融信大发弘阳沁澜,36381,40,余杭,勾庄
绿城燕语海棠轩,36374,70,余杭,万达广场
融信沐水澜轩,35990,41,余杭,良渚
保亿丽景山,35846,114,余杭,未来科技城
春知海棠苑,35819,27,余杭,万达广场
海派风范沁园,35764,32,余杭,老余杭
万科郡西澜山,35713,54,余杭,良渚
嘉桂轩,35644,85,余杭,未来科技城
月映海棠园,35617,57,余杭,万达广场
绿城桃源小镇,35598,586,余杭,闲林
滨江福翠里,35559,48,余杭,勾庄
新明半岛熙园,35425,19,余杭,中泰
世茂璀璨澜庭,35317,52,余杭,勾庄
怡景花城,34935,26,余杭,闲林
中梁御府,34656,24,余杭,闲林
星遇光年府,34444,25,余杭,万达广场
杭语蓝庭,34326,74,余杭,老余杭
青枫墅园,34138,104,余杭,未来科技城
滨江万家名城一期,34095,69,余杭,万达广场
合景天峻,34092,78,余杭,未来科技城
融创金成未来海,34043,178,余杭,未来科技城
中粮康良祥云府,33949,42,余杭,良渚
海派风范茗园,33928,25,余杭,老余杭
协安蓝郡,33637,51,余杭,三墩
璀璨澜宸府,33601,28,余杭,万达广场
绿城翡翠湾,33417,46,余杭,翡翠城
联发亚澜湾,33324,38,余杭,良渚
赞成良著,33139,15,余杭,良渚
翡翠城二期,32887,186,余杭,翡翠城
风雅乐府,32884,84,余杭,万达广场
瑞城温莎郡,32862,123,余杭,未来科技城
合景瑜翠园,32796,37,余杭,未来科技城
月咏新辰轩,32780,57,余杭,老余杭
融创瑷颐湾,32704,108,余杭,万达广场
碧水澜天华庭,32695,137,余杭,良渚
和光尘樾轩,32617,145,余杭,良渚
海德公园,32573,111,余杭,勾庄
佳兆业西溪璞园,32517,130,余杭,闲林
凤玺云著府,32412,60,余杭,老余杭
星创城映月璟园,32363,8,余杭,万达广场
良渚文化村探梅里A,32065,12,余杭,良渚
奥克斯时代未来之城,32047,98,余杭,未来科技城
水木清华,31944,69,余杭,小和山
大华西溪风情新天地,31919,23,余杭,西溪
西房余杭公馆,31906,42,余杭,老余杭
新湖果岭,31717,116,余杭,未来科技城
融创金成江南府,31592,218,余杭,闲林
西溪华东园,31378,74,余杭,翡翠城
万科良渚文化村秋荷坊,31100,35,余杭,良渚
融创金成英特学府,31074,200,余杭,老余杭
赛银国际广场,31064,4,余杭,未来科技城
融创金成西溪海,31057,250,余杭,未来科技城
西溪美岸,31041,9,余杭,未来科技城
万科未来城三期梦溪里,31031,157,余杭,良渚
草荡苑南区,30794,2,余杭,未来科技城
万科未来城二期,30789,152,余杭,良渚
万科北宸之光三期拱宸,30465,74,余杭,万达广场
万科北宸之光二期,30431,96,余杭,万达广场
良渚文化村柳映坊三期,30368,26,余杭,良渚
水乡西溪小筑,30317,17,余杭,西溪
翡翠湾二期紫春庭,30293,10,余杭,翡翠城
良语久园,30258,54,余杭,瓶窑
良渚文化村柳映坊一期,30012,15,余杭,良渚
越秀星汇园,29919,134,余杭,万达广场
浪漫和山,29795,76,余杭,小和山
翡翠城一期,29751,148,余杭,翡翠城
赞成乐山红叶,29723,97,余杭,闲林
白洋港城二期,29705,102,余杭,良渚
爱丁郡,29585,83,余杭,翡翠城
福田假日之约山庄,29581,11,余杭,老余杭
金都雅苑,29511,61,余杭,翡翠城
上实白洋港城一期,29454,97,余杭,良渚
渡梦雅居,29364,8,余杭,未来科技城
溪悦宸府,29361,57,余杭,翡翠城
宸北花苑一期,29300,78,余杭,万达广场
大华海派风景,29237,72,余杭,万达广场
良渚文化村白鹭郡东,29163,61,余杭,良渚
众安绿城南湖明月,29147,205,余杭,老余杭
良渚文化村白鹭郡南,29145,105,余杭,良渚
越秀星汇悦城,29139,59,余杭,良渚
良渚文化村柳映坊二期,29133,21,余杭,良渚
众安白马山庄,28971,110,余杭,小和山
飞鸟客,28626,13,余杭,未来科技城
金成紫辰花园,28593,94,余杭,老余杭
和昌府,28518,71,余杭,良渚
阅君蓝丽轩,28449,1,余杭,闲林
凯喜雅锦河湾,28326,27,余杭,勾庄
东海·闲湖城,28245,269,余杭,闲林
复地上城悦之城,28220,121,余杭,未来科技城
未来城一期,28137,85,余杭,良渚
奥克斯缔逸城,28054,104,余杭,良渚
同城印象北区,28030,64,余杭,老余杭
书韵名邸,27989,114,余杭,良渚
绿城樾鸣春晓园,27635,16,余杭,小和山
泊悦府,27573,43,余杭,老余杭
润和西溪郡,27490,35,余杭,闲林
未珂宸铭府,27362,8,余杭,闲林
蒙卡岸,27324,79,余杭,翡翠城
青枫墅园三期,27084,103,余杭,未来科技城
品霞苑,26567,153,余杭,闲林
草荡苑北区,26514,4,余杭,未来科技城
亲亲家园三期,26448,124,余杭,三墩
金都西花庭,26414,47,余杭,老余杭
良渚文化村白鹭郡北,26335,69,余杭,良渚
溪谷岚湾,26333,226,余杭,良渚
圆乡名筑,26326,33,余杭,老余杭
中新大厦,26225,15,余杭,未来科技城
香格里拉蓝月春晓,26206,83,余杭,良渚
镜鉴未来府,26170,68,余杭,中泰
亿丰蔚蓝郡,26111,52,余杭,良渚
仓溢东苑,25953,11,余杭,未来科技城
北城芳满庭,25879,121,余杭,仁和
西溪八方城,25859,109,余杭,未来科技城
亲亲家园一期,25773,131,余杭,三墩
西园凤都苑,25767,30,余杭,老余杭
荆山翠谷,25757,51,余杭,闲林
瑞麒时代金座,25723,6,余杭,勾庄
钱神花苑,25636,5,余杭,未来科技城
浙江油田留下小区,25595,19,余杭,西溪
西溪北苑东区,25556,10,余杭,未来科技城
昆华玉府,25466,162,余杭,良渚
中锐招商星未来,25415,91,余杭,中泰
仓溢景苑,25382,10,余杭,未来科技城
五常机关宿舍,25355,4,余杭,西溪
良渚文化村探梅里B,25346,67,余杭,良渚
德信杭州ONE,25313,18,余杭,勾庄
亲亲家园二期,25107,98,余杭,三墩
金都梧桐苑,24951,18,余杭,翡翠城
世贸湖山帝景湾南苑,24792,113,余杭,老余杭
溪上云峰府,24759,21,余杭,闲林
上亿彩虹郡,24536,44,余杭,勾庄
西溪花城,24116,4,余杭,翡翠城
赞成美树,24006,120,余杭,勾庄
时代天境,23999,32,余杭,闲林
西溪北苑北区,23916,24,余杭,未来科技城
湖山帝景湾,23899,111,余杭,老余杭
缦云坊,23895,167,余杭,良渚
小洋坝家园一区,23839,1,余杭,万达广场
碧景园,23785,32,余杭,老余杭
金辉贤林信步,23766,51,余杭,闲林
五常大道127号,23702,5,余杭,西溪
勾庄佳苑,23668,14,余杭,良渚
绿野春天家园,23638,101,余杭,小和山
铭雅苑西区,23516,23,余杭,三墩
运河锦庭,23480,4,余杭,勾庄
名城博园,23467,120,余杭,勾庄
昌源清苑,23382,7,余杭,未来科技城
海伦堡棠锦,23346,20,余杭,中泰
金岸提香,23316,66,余杭,中泰
仓溢绿苑,23305,16,余杭,未来科技城
南渠社区南渠街,23285,2,余杭,老余杭
望城,23246,53,余杭,良渚
太炎花苑,23189,6,余杭,未来科技城
赞成赞城,23151,72,余杭,勾庄
西溪雅苑,23137,13,余杭,西溪
福鼎家园,23105,12,余杭,未来科技城
恒腾悦湖花苑,23063,40,余杭,老余杭
五迪中心,22951,11,余杭,未来科技城
悦青蓝,22914,29,余杭,闲林
中港罗兰小镇,22904,110,余杭,中泰
玉都枫景,22845,42,余杭,良渚
铭雅苑东区,22791,114,余杭,三墩
石榴派,22754,40,余杭,良渚
西溪水岸花苑,22586,13,余杭,西溪
万科未来之光,22586,83,余杭,良渚
竹海水韵春风里,22473,162,余杭,闲林
运河锦庭三区,22467,4,余杭,勾庄
棠梨家园,22431,1,余杭,闲林
佳源未来府,22326,86,余杭,老余杭
九衡公寓,22299,92,余杭,良渚
瑞和园,22275,29,余杭,良渚
竹海水韵,22245,237,余杭,闲林
径香苑,22203,14,余杭,老余杭
闲林山水丹枫苑,22197,62,余杭,闲林
嘉元广场,22179,8,余杭,老余杭
悦汀蓝玉轩,22063,37,余杭,闲林
西塘花苑,21990,38,余杭,三墩
新明半岛雨荷轩,21983,40,余杭,中泰
逸居城,21958,118,余杭,勾庄
新都公寓,21951,0,余杭,闲林
小洋坝家园三区,21946,4,余杭,万达广场
盛世嘉园,21942,257,余杭,闲林
同城印象花苑西区,21933,30,余杭,老余杭
早安公寓,21917,41,余杭,中泰
梦栖金星雅苑,21881,4,余杭,未来科技城
山西园路,21822,4,余杭,老余杭
西溪北苑西区,21809,15,余杭,未来科技城
西溪庭院,21780,8,余杭,闲林
浙地人家,21697,42,余杭,翡翠城
仓梦合寓,21678,3,余杭,未来科技城
云学君里,21602,117,余杭,未来科技城
良渚文化村七贤郡,21600,121,余杭,良渚
西溪乐天城,21538,11,余杭,翡翠城
昌运里一区,21493,1,余杭,万达广场
西城时代家园,21365,82,余杭,老余杭
同城印象花苑东区,21340,80,余杭,老余杭
南湖丽景,21313,29,余杭,老余杭
碧桂园良樾,21193,13,余杭,瓶窑
紫竹人家,21177,34,余杭,老余杭
溪上俪庭,21163,15,余杭,瓶窑
新明半岛,21141,177,余杭,中泰
泊林漫谷,21087,59,余杭,小和山
浙江省第一地质大队,21049,3,余杭,闲林
尚堂久里,20977,64,余杭,仁和
恒厚阳光城,20968,118,余杭,中泰
禹航路807号,20908,1,余杭,老余杭
江南雅居,20878,4,余杭,老余杭
昌运里二区,20855,19,余杭,万达广场
兴惠家园,20846,4,余杭,老余杭
林溪闲庭,20748,21,余杭,闲林
浙消宿舍,20746,2,余杭,小和山
东海闲湖城印象加州,20702,96,余杭,闲林
小城之春花苑,20677,22,余杭,老余杭
东田玉城,20633,38,余杭,良渚
严村里,20545,4,余杭,良渚
怡景花城鸣翠苑,20527,13,余杭,闲林
金鼎阳光公寓,20426,23,余杭,仁和
仓云美寓,20376,1,余杭,未来科技城
新明半岛雨径轩,20361,53,余杭,中泰
长吴公寓一区,20328,2,余杭,勾庄
怡景花城流霞苑,20272,11,余杭,闲林
清水湾山水苑,20249,265,余杭,中泰
金鼎华庭二期,20223,12,余杭,仁和
欣龙华府公寓,20215,31,余杭,老余杭
西园凤兴花园一区,20178,2,余杭,老余杭
人和家园,20054,78,余杭,留下
文卫路30号,20025,4,余杭,闲林
凤凰家园,20003,7,余杭,老余杭
恒合金座,19941,16,余杭,老余杭
岸上蓝山,19928,203,余杭,闲林
景瑞御蓝湾,19865,100,余杭,老余杭
闲林山水紫薇苑,19751,103,余杭,闲林
宝林公寓,19692,5,余杭,老余杭
北上星云府,19623,23,余杭,仁和
通运华庭,19590,4,余杭,万达广场
昌运里三区,19547,3,余杭,万达广场
雅居乐国际花园,19542,257,余杭,闲林
西溪景苑,19490,8,余杭,翡翠城
南湖明筑花苑,19437,10,余杭,老余杭
福田花园,19379,19,余杭,老余杭
信达柳郡,19367,42,余杭,瓶窑
金沙公寓,19342,7,余杭,老余杭
联兴路,19305,8,余杭,老余杭
尹家坝路西,19300,12,余杭,老余杭
长吴公寓二期,19239,2,余杭,万达广场
闲林山水海棠苑,19203,42,余杭,闲林
良景学府,19202,36,余杭,瓶窑
南安,19178,16,余杭,老余杭
良港路,19147,1,余杭,良渚
杜甫新苑,19077,3,余杭,良渚
天阳棕榈湾金水岸,19064,35,余杭,良渚
福临花苑,19054,27,余杭,老余杭
闲林山水梅兰苑,19042,7,余杭,闲林
新时代城市家园,19016,92,余杭,闲林
新力启云府,18991,3,余杭,瓶窑
金鼎华庭一期,18960,23,余杭,仁和
仓乐雅苑,18941,9,余杭,老余杭
方汇花苑,18879,28,余杭,老余杭
天润西麓府,18849,45,余杭,未来科技城
通济路1-12号,18772,16,余杭,老余杭
山西园,18682,17,余杭,老余杭
通怡花苑,18677,5,余杭,老余杭
城西路59号,18650,1,余杭,老余杭
东海阳光苑,18628,6,余杭,闲林
众安西溪未来里,18483,0,余杭,闲林
棕榈湾二期,18468,108,余杭,良渚
天阳棕榈湾一期,18460,79,余杭,良渚
禹丰嘉苑,18406,13,余杭,老余杭
庭院深深,18360,323,余杭,老余杭
新湖金色池塘,18272,21,余杭,未来科技城
锦绣时代中心,18251,32,余杭,老余杭
微博公馆,18241,23,余杭,小和山
御景城,18165,42,余杭,老余杭
盛雅公寓,18124,3,余杭,闲林
爵士风情花园,18096,166,余杭,闲林
兴隆小区,18085,0,余杭,老余杭
南安新苑,18042,8,余杭,老余杭
西坞畈公寓,18031,0,余杭,闲林
景雅苑,18012,10,余杭,闲林
禹航路,17990,22,余杭,老余杭
教学路38号,17851,0,余杭,瓶窑
凤华别墅,17813,1,余杭,瓶窑
城西路,17791,1,余杭,老余杭
梦溪东明山居,17784,17,余杭,良渚
苕溪南湖人家,17716,21,余杭,老余杭
宝林西路,17707,27,余杭,老余杭
瓶窑中学宿舍,17670,0,余杭,瓶窑
安乐路,17640,5,余杭,老余杭
北秀蓝湾花苑,17513,60,余杭,良渚
杉杉恒和依山郡,17451,98,余杭,未来科技城
勾庄水景苑,17428,2,余杭,良渚
仁和金鼎公寓,17421,20,余杭,仁和
良渚花苑新村,17390,50,余杭,良渚
中园花苑,17376,20,余杭,老余杭
杭州未来广场银天金城,17365,49,余杭,未来科技城
金源公寓(余杭),17365,10,余杭,老余杭
美好桂花溪园,17347,43,余杭,瓶窑
云睦宝庆苑,17309,0,余杭,闲林
西园·凤兴花园,17292,3,余杭,老余杭
凯文和平雅苑,17093,46,余杭,仁和
仁合银庭,17077,15,余杭,仁和
玉都佳苑,17041,27,余杭,良渚
东兴路181号,17019,1,余杭,瓶窑
南北乐章,16953,65,余杭,瓶窑
庙山新村,16944,3,余杭,闲林
华盛星洲翠谷,16938,92,余杭,闲林
钼铁矿宿舍,16910,6,余杭,闲林
方家山公寓,16901,7,余杭,闲林
闲林山水木兰苑,16891,39,余杭,闲林
新南湖绿苑,16891,38,余杭,中泰
建行宿舍,16788,1,余杭,闲林
东兴路30号,16778,2,余杭,瓶窑
卧林居,16718,1,余杭,老余杭
金汇公寓,16705,6,余杭,老余杭
书林苑,16682,22,余杭,良渚
中惠家园,16644,2,余杭,中泰
周家里,16547,12,余杭,良渚
金阳湾,16525,7,余杭,仁和
世纪广场小区,16479,6,余杭,中泰
华盛达堂巢,16465,9,余杭,翡翠城
广和美地兰庭,16457,47,余杭,仁和
新桥公寓,16403,15,余杭,老余杭
大桥南路,16393,1,余杭,瓶窑
盈凤嘉苑,16366,0,余杭,闲林
科嘉苑,16301,39,余杭,小和山
屏惠家园,16283,24,余杭,瓶窑
文卫路28号,16153,1,余杭,小和山
禹航路563号,16121,1,余杭,老余杭
里窑街1号,16119,0,余杭,瓶窑
江南新港公寓,16105,25,余杭,闲林
羊山公寓,16079,6,余杭,瓶窑
仁惠家园,15951,7,余杭,仁和
禹航商城,15880,5,余杭,老余杭
杜诗苑,15865,8,余杭,良渚
新桥路29号,15803,2,余杭,老余杭
天富花苑,15766,4,余杭,闲林
小学弄13号,15661,1,余杭,瓶窑
南湖景秀湾,15655,9,余杭,老余杭
花和雅居,15643,5,余杭,仁和
清合嘉园东区,15595,40,余杭,仁和
竹海雅苑,15533,7,余杭,未来科技城
杜甫新苑杜雅苑,15436,3,余杭,良渚
径都荷塘花苑,15185,4,余杭,未来科技城
百汇中心,15128,39,余杭,老余杭
紫祥公寓,15094,5,余杭,老余杭
北湖绿洲花园,15009,68,余杭,瓶窑
新苑公寓,14863,7,余杭,闲林
荀山花苑,14757,11,余杭,良渚
精工新村,14682,8,余杭,瓶窑
凤晶花苑,14645,2,余杭,瓶窑
联荣公寓,14620,7,余杭,闲林
新窑路86号,14591,0,余杭,瓶窑
凤溪花苑,14274,4,余杭,瓶窑
兴和苑,14273,4,余杭,瓶窑
金泽公寓,14269,2,余杭,闲林
祥盛家园,14258,15,余杭,瓶窑
源峰嘉苑,14206,25,余杭,小和山
窑山花园,14158,28,余杭,瓶窑
云和雅园,14138,2,余杭,仁和
乐山嘉苑,14059,5,余杭,闲林
耀达仁和印象,13995,14,余杭,仁和
仁良花苑,13746,25,余杭,仁和
方惠家园,13713,3,余杭,瓶窑
清合嘉园西区,13604,66,余杭,仁和
华兴路42号,13556,1,余杭,瓶窑
凤惠家园,13514,1,余杭,瓶窑
小学弄,13426,1,余杭,瓶窑
良渚路152号,13339,1,余杭,良渚
大桥南路30号,13301,1,余杭,瓶窑
凤山小区,13245,1,余杭,瓶窑
南小港路,13160,1,余杭,瓶窑
桃园公寓,13154,12,余杭,瓶窑
新窑路,13115,3,余杭,瓶窑
山川公寓,13084,0,余杭,老余杭
凤城花苑,13059,23,余杭,瓶窑
良渚街道教工宿舍,12717,1,余杭,良渚
小窑山北路,12699,0,余杭,瓶窑
窑山北路,12595,2,余杭,瓶窑
安乐路236-1号,12555,1,余杭,老余杭
径乐家园,12454,13,余杭,未来科技城
里窑街37号,12417,0,余杭,瓶窑
长岗家园,12380,16,余杭,未来科技城
东兴小区,12310,8,余杭,瓶窑
五彩商城,12300,10,余杭,瓶窑
桥南新村,12291,7,余杭,瓶窑
汇观山花苑,12201,5,余杭,瓶窑
青城嘉园,12073,9,余杭,未来科技城
华兴公寓,12071,17,余杭,瓶窑
春色满园,12053,3,余杭,仁和
东田翠谷苑,12040,5,余杭,未来科技城
万佳居,12023,2,余杭,老余杭
春花秋月,12007,2,余杭,未来科技城
大桥北路175号,11947,2,余杭,瓶窑
大桥南路8号,11690,3,余杭,瓶窑
惠羽家园,11677,3,余杭,未来科技城
南门公寓,11600,0,余杭,老余杭
苕溪苑,11441,0,余杭,瓶窑
琴湖碧园,11347,26,余杭,未来科技城
翠园路小区,11340,3,余杭,瓶窑
新兴路44号,11297,0,余杭,瓶窑
凤溪路211号,11245,2,余杭,瓶窑
樟树路253号,11181,1,余杭,瓶窑
兴泰花苑,11018,16,余杭,瓶窑
瑞达城市花苑,11014,11,余杭,瓶窑
卫生院宿舍楼,10789,3,余杭,瓶窑
圣殿弄,10746,1,余杭,瓶窑
方家弄,10728,0,余杭,瓶窑
绿园村,10702,1,余杭,瓶窑
大桥北路,10520,1,余杭,瓶窑
良渚十六街区,10364,5,余杭,良渚
东兴路43号,10358,0,余杭,瓶窑
径铭家园,10222,18,余杭,未来科技城
莹石宿舍,9744,1,余杭,瓶窑
清惠家园,9710,1,余杭,未来科技城
大桥路106-1号,9494,0,余杭,瓶窑
复泰雅宸华庭,9206,19,余杭,未来科技城
正易国际,9003,22,余杭,勾庄
大桥南路194号,8947,1,余杭,瓶窑
海澜半岛,暂无数据,0,余杭,临平新城
南安路1-19号,暂无数据,0,余杭,老余杭
杭州宏丰家居城宏丰公寓,暂无数据,35,余杭,闲林
北辰金座,暂无数据,1,余杭,仁和
西溪泊岸,暂无数据,9,余杭,未来科技城
恒生科技园,暂无数据,1,余杭,未来科技城
金地广场,暂无数据,53,余杭,三墩
金恒路88号,暂无数据,4,余杭,勾庄
江南时代购物中心,暂无数据,0,余杭,老余杭
金恒德公寓,暂无数据,0,余杭,勾庄
太炎路,暂无数据,0,余杭,老余杭
桥南物资供应站宿舍,暂无数据,0,余杭,瓶窑
蒋家塘路51号,暂无数据,0,余杭,良渚
翠湖苑,暂无数据,0,余杭,翡翠城
西田公馆,暂无数据,6,余杭,三墩
捷瑞达瑞谷,暂无数据,5,余杭,未来科技城
北大资源海港城,暂无数据,1,余杭,西溪
闲林中路,暂无数据,0,余杭,闲林
白羊畈公寓,暂无数据,0,余杭,小和山
七贤山居,暂无数据,0,余杭,良渚
瑞谷中心,暂无数据,1,余杭,未来科技城
铧广科技大厦,暂无数据,0,余杭,勾庄
浙江油田公司机关事务中心,暂无数据,0,余杭,闲林
钱塘汇银中心,暂无数据,0,余杭,未来科技城
教工宿舍,暂无数据,0,余杭,老余杭
马鞍山雅苑,暂无数据,0,余杭,老余杭
瓶窑社区,暂无数据,0,余杭,瓶窑
乌龙涧路8号,暂无数据,0,余杭,老余杭
海澜半岛,暂无数据,0,余杭,临平新城
靖源国际,暂无数据,0,余杭,翡翠城
花园畈,暂无数据,0,余杭,闲林
中泰商贸城,暂无数据,0,余杭,中泰
庙山南村,暂无数据,0,余杭,闲林
崇福山居,暂无数据,0,余杭,良渚
中博大厦,暂无数据,0,余杭,闲林
西典公寓,暂无数据,0,余杭,未来科技城
西溪智慧健康谷,暂无数据,0,余杭,未来科技城
蓝城鼎胜蔚蓝中心,暂无数据,0,余杭,未来科技城
西溪曼哈顿,暂无数据,31,余杭,翡翠城
北大资源海港城,暂无数据,1,余杭,西溪
闲林中路,暂无数据,0,余杭,闲林
太炎路,暂无数据,0,余杭,老余杭
蒋家塘路51号,暂无数据,0,余杭,良渚
北辰金座,暂无数据,1,余杭,仁和
西溪泊岸,暂无数据,9,余杭,未来科技城
杭州宏丰家居城宏丰公寓,暂无数据,35,余杭,闲林
恒生科技园,暂无数据,1,余杭,未来科技城
豪波西溪润景,暂无数据,16,余杭,未来科技城
南凤苑,暂无数据,0,余杭,老余杭
捷瑞达瑞谷,暂无数据,5,余杭,未来科技城
南湖大厦,暂无数据,22,余杭,中泰
金恒路68号,暂无数据,0,余杭,勾庄
金恒德公寓,暂无数据,0,余杭,勾庄
江南时代购物中心,暂无数据,0,余杭,老余杭
金恒路88号,暂无数据,4,余杭,勾庄
金地广场,暂无数据,53,余杭,三墩
西田公馆,暂无数据,6,余杭,三墩
桥南物资供应站宿舍,暂无数据,0,余杭,瓶窑
翠湖苑,暂无数据,0,余杭,翡翠城
外窑街1号,暂无数据,0,余杭,瓶窑
鼎创财富中心,暂无数据,16,余杭,未来科技城
杨梅坞,暂无数据,0,余杭,瓶窑
城建,暂无数据,0,余杭,瓶窑
里窑街16号,暂无数据,0,余杭,瓶窑
黄湖商贸苑,暂无数据,0,余杭,未来科技城
智慧尚谷,暂无数据,5,余杭,老余杭
南山洋口,暂无数据,0,余杭,仁和
宝塔公寓,暂无数据,0,余杭,老余杭
西溪街20号,暂无数据,0,余杭,瓶窑
西溪智慧健康谷,暂无数据,0,余杭,未来科技城
万科白鹭公馆,暂无数据,0,余杭,良渚
海创绿谷,暂无数据,17,余杭,未来科技城
华茂科创园,暂无数据,0,余杭,未来科技城
西溪曼哈顿,暂无数据,31,余杭,翡翠城
碧家国际社区,暂无数据,0,余杭,翡翠城
科创中心,暂无数据,0,余杭,未来科技城
良博路65号,暂无数据,0,余杭,良渚
岸上蓝山公寓,暂无数据,1,余杭,闲林
西溪北苑新区,暂无数据,0,余杭,未来科技城
邦帮金座,暂无数据,4,余杭,翡翠城
山西园路12号,暂无数据,0,余杭,老余杭
良博路54-56号,暂无数据,0,余杭,良渚
闲林街道联富巷16号,暂无数据,0,余杭,闲林
荆余路189号,暂无数据,0,余杭,老余杭
学农弄,暂无数据,0,余杭,瓶窑
星创新里程中心,暂无数据,27,余杭,老余杭
通信桥路10号,暂无数据,0,余杭,良渚
塘栖供销社有限公司栅庄桥综合楼,暂无数据,0,余杭,仁和
桃园东路1号,暂无数据,0,余杭,瓶窑
兴居弄,暂无数据,0,余杭,瓶窑
杨梅坞,暂无数据,0,余杭,瓶窑
城建,暂无数据,0,余杭,瓶窑
外窑街1号,暂无数据,0,余杭,瓶窑
西溪街20号,暂无数据,0,余杭,瓶窑
黄湖商贸苑,暂无数据,0,余杭,未来科技城
里窑街16号,暂无数据,0,余杭,瓶窑
起梦科创数字园区,暂无数据,14,余杭,良渚
LOT未来城,暂无数据,0,余杭,瓶窑
旭锋小区,暂无数据,0,余杭,小和山
铧广科技大厦,暂无数据,0,余杭,勾庄
崇福村,暂无数据,0,余杭,良渚
花园畈,暂无数据,0,余杭,闲林
中泰商贸城,暂无数据,0,余杭,中泰
金恒路68号,暂无数据,0,余杭,勾庄
金恒德公寓,暂无数据,0,余杭,勾庄
江南时代购物中心,暂无数据,0,余杭,老余杭
金恒路88号,暂无数据,4,余杭,勾庄
南湖大厦,暂无数据,22,余杭,中泰
教工宿舍,暂无数据,0,余杭,老余杭
钱塘汇银中心,暂无数据,0,余杭,未来科技城
庙山南村,暂无数据,0,余杭,闲林
崇福山居,暂无数据,0,余杭,良渚
南凤苑,暂无数据,0,余杭,老余杭
北大资源海港城,暂无数据,1,余杭,西溪
金家渡南苑,暂无数据,0,余杭,三墩
随园嘉树,暂无数据,0,余杭,良渚
上亿SOHO,暂无数据,0,余杭,良渚
千年舟家居创意港,暂无数据,0,余杭,勾庄
海创人才公寓,暂无数据,0,余杭,未来科技城
天和华丰苑,暂无数据,0,余杭,翡翠城
瓶窑社区,暂无数据,0,余杭,瓶窑
浙江油田公司机关事务中心,暂无数据,0,余杭,闲林
闲林中路,暂无数据,0,余杭,闲林
未来科技城IT公园,暂无数据,0,余杭,未来科技城
蒋家塘路53号,暂无数据,0,余杭,良渚
鼎创财富中心,暂无数据,16,余杭,未来科技城
学工弄,暂无数据,0,余杭,瓶窑
华滋科欣设计创意园,暂无数据,0,余杭,万达广场
启航城,暂无数据,0,余杭,仁和
名翠云汀苑,暂无数据,0,余杭,老余杭
鼎创科技中心,暂无数据,0,余杭,瓶窑
港郦中心,暂无数据,31,余杭,老余杭
合嵣悦府东区,暂无数据,0,余杭,良渚
未来星宸,暂无数据,0,余杭,未来科技城
远大金地中心,暂无数据,1,余杭,三墩
盛奥西溪铭座,暂无数据,27,余杭,未来科技城
余山花苑,暂无数据,0,余杭,仁和
福滨沁苑,暂无数据,0,余杭,老余杭
绿城深兰公馆,暂无数据,0,余杭,勾庄
仓泽云庭,暂无数据,0,余杭,未来科技城
闲兴路33号,暂无数据,0,余杭,
联荣路,暂无数据,0,余杭,闲林
西溪铭庭,暂无数据,1,余杭,西溪
汀岸辰风里,暂无数据,0,余杭,未来科技城
合嵣悦府,暂无数据,0,余杭,良渚
新窑路246号,暂无数据,0,余杭,瓶窑
富力天贸广场,暂无数据,33,余杭,未来科技城
莫干山路2326号,暂无数据,0,余杭,良渚
未来新湖中心,暂无数据,0,余杭,未来科技城
绿城玉海棠里,暂无数据,0,余杭,良渚
澄清巷,暂无数据,0,余杭,老余杭
大桥北路236号,暂无数据,0,余杭,瓶窑
嘉运大厦,暂无数据,2,余杭,万达广场
中梁沐宸院,暂无数据,0,余杭,未来科技城
乐富海邦园,暂无数据,0,余杭,未来科技城
上和景城,暂无数据,0,余杭,未来科技城
学农弄,暂无数据,0,余杭,瓶窑
华兴路23号,暂无数据,0,余杭,瓶窑
起梦科创数字园区,暂无数据,14,余杭,良渚
荷春里,暂无数据,0,余杭,中泰
外窑街17号,暂无数据,0,余杭,瓶窑
乐富海邦园,暂无数据,0,余杭,未来科技城
未来新湖中心,暂无数据,0,余杭,未来科技城
地铁万科杭行道,暂无数据,40,余杭,万达广场
万利大厦,暂无数据,0,余杭,未来科技城
南北盛德国际,暂无数据,12,余杭,万达广场
良渚文化村春漫里,暂无数据,29,余杭,良渚
理想西溪金座,暂无数据,13,余杭,未来科技城
嘉合未来金座,暂无数据,26,余杭,老余杭
东哲云邸,暂无数据,0,余杭,万达广场
杭宁府,暂无数据,0,余杭,临平新城
时尚万通城,暂无数据,29,余杭,未来科技城
嘉凯城城市客厅,暂无数据,0,余杭,瓶窑
华元西溪欢乐城,暂无数据,69,余杭,翡翠城
浙富西溪堂,暂无数据,6,余杭,未来科技城
中南未来里,暂无数据,15,余杭,未来科技城
未来悦,暂无数据,1,余杭,未来科技城
小区名称,均价,在售套数,所在区,所在街道
锦和云水江南,45249,0,淳安,淳安
天屿度假村,33874,1,淳安,淳安
云水江南,33694,2,淳安,淳安
翡翠岛别墅,33628,2,淳安,淳安
千岛湖滨江度假酒店别墅,31052,0,淳安,淳安
千岛湖开元度假村,29499,0,淳安,淳安
文渊狮城,27184,2,淳安,淳安
滨江东方海岸(淳安),21986,5,淳安,淳安
中梁千岛悦府,20547,1,淳安,淳安
千岛湖随园别墅,19892,1,淳安,淳安
柳岸晓风新都,19689,0,淳安,淳安
碧桂园泷悦,19371,0,淳安,淳安
绿城千岛湖度假公寓,18025,6,淳安,淳安
九龙湾,17778,1,淳安,淳安
银泰城泰悦府,17091,1,淳安,淳安
时光心宇,16745,0,淳安,淳安
绿城养生堂千岛湖玫瑰园,16392,1,淳安,淳安
浅山花园,16247,7,淳安,淳安
悦湖湾花园,16039,4,淳安,淳安
千岛碧水花园,16023,1,淳安,淳安
香里湾,15726,0,淳安,淳安
金基观岛,15127,8,淳安,淳安
富力湖滨悦居,14961,5,淳安,淳安
千岛湖财富中心,14129,1,淳安,淳安
金色阳光,13915,2,淳安,淳安
千岛湖嘉苑,13802,11,淳安,淳安
阳光水岸度假村,13277,0,淳安,淳安
碧桂园招商珺悦家园,13150,5,淳安,淳安
绿城千岛明月,13032,0,淳安,淳安
康盛花园,12966,1,淳安,淳安
千岛湖雅苑,12957,1,淳安,淳安
招商近湖花苑,12339,2,淳安,淳安
玲珑湾,11863,4,淳安,淳安
保集东麟府,11692,0,淳安,淳安
玉兰花园,11649,3,淳安,淳安
明珠花园,11267,1,淳安,淳安
滨江半岛印象一期,9896,0,淳安,淳安
景湖花园,9745,0,淳安,淳安
望湖山庄,9644,2,淳安,淳安
蓝城颐景玉兰,9087,0,淳安,淳安
滨江半岛印象二期,8820,1,淳安,淳安
千岛湖雨润星雨华府,8757,1,淳安,淳安
安阳天香华庭,7499,0,淳安,淳安
佰澜公寓,6895,0,淳安,淳安
狮湖景苑,4833,0,淳安,淳安
鼓山晟林商业中心,暂无数据,0,淳安,淳安
南景苑,暂无数据,0,淳安,淳安
美都千岛碧云天,暂无数据,0,淳安,淳安
柏润国际花园,暂无数据,0,淳安,淳安
一家山水,暂无数据,0,淳安,淳安
大指岛丽湖馨居,暂无数据,0,淳安,淳安
紫荆湖滨公寓,暂无数据,0,淳安,淳安
新兴花园,暂无数据,0,淳安,淳安
日月天地,暂无数据,0,淳安,淳安
千岛湖公寓,暂无数据,0,淳安,淳安
青城山居别墅,暂无数据,0,淳安,淳安
千岛湖锦溪佳苑,暂无数据,0,淳安,淳安
大千古街,暂无数据,0,淳安,淳安
一家山水,暂无数据,0,淳安,淳安
日月天地,暂无数据,0,淳安,淳安
新兴花园,暂无数据,0,淳安,淳安
千岛湖锦溪佳苑,暂无数据,0,淳安,淳安
紫荆湖滨公寓,暂无数据,0,淳安,淳安
南景苑,暂无数据,0,淳安,淳安
千岛湖桃源山庄,暂无数据,0,淳安,淳安
千岛湖湖畔澄庐,暂无数据,0,淳安,淳安
鼓山晟林商业中心,暂无数据,0,淳安,淳安
小区名称,均价,在售套数,所在区,所在街道
德信中南江上云起,22228,1,建德,建德
龙大江景府,20155,0,建德,建德
江和城,17935,0,建德,建德
新安郡,17729,1,建德,建德
万固观澜府,17296,1,建德,建德
龙大悦江府,15071,0,建德,建德
德信中南江山云起院,14516,0,建德,建德
碧桂园望江台,13875,1,建德,建德
恒大林溪郡,11294,2,建德,建德
富春一品,11288,0,建德,建德
天骄香槟郡,10723,0,建德,建德
香缇御峰苑,10446,0,建德,建德
国大阳光星辰,8914,0,建德,建德
富力御江山小区,8735,0,建德,建德
幸福康桥水岸,8154,1,建德,建德
华宇悦府,8147,0,建德,建德
御品江南,7385,2,建德,建德
恒大御泉四季,6394,5,建德,建德
水岸鑫域,6025,0,建德,建德
柳城雅苑,4544,0,建德,建德
绿城春江明月,暂无数据,0,建德,建德
印象新城,暂无数据,0,建德,建德
新安公寓,暂无数据,0,建德,建德
山水华庭,暂无数据,0,建德,建德
下官山村,暂无数据,0,建德,建德
田园月亮湾,暂无数据,0,建德,建德
和谐江和城,暂无数据,0,建德,建德
望江豪庭,暂无数据,0,建德,建德
桔香嘉园,暂无数据,0,建德,建德
金色佳园,暂无数据,0,建德,建德
望江豪庭,暂无数据,0,建德,建德
